samp_name	samp_category	materialSampleID	sample_derived_from	sample_composed_of	rel_cont_id	decimalLongitude	decimalLatitude	geo_loc_name	eventDate	verbatimEventDate	env_broad_scale	env_local_scale	env_medium	habitat_natural_artificial_0_1	samp_collect_method	samp_collect_device	samp_size	samp_size_unit	samp_store_temp	samp_store_sol	samp_store_dur	samp_store_loc	dna_store_loc	samp_store_method_additional	samp_mat_process	filter_passive_active_0_1	stationed_sample_dur	pump_flow_rate	pump_flow_rate_unit	prefilter_material	size_frac_low	size_frac	filter_diameter	filter_surface_area	filter_material	filter_name	precip_chem_prep	precip_force_prep	precip_time_prep	precip_temp_prep	prepped_samp_store_temp	prepped_samp_store_sol	prepped_samp_store_dur	prep_method_additional	date_ext	samp_vol_we_dna_ext	samp_vol_we_dna_ext_unit	nucl_acid_ext_lysis	nucl_acid_ext_sep	nucl_acid_ext	nucl_acid_ext_kit	nucl_acid_ext_modify	dna_cleanup_0_1	dna_cleanup_method	concentration	concentration_unit	concentration_method	assay_name	detected_notDetected
CMIC611-1	sample	Hakai-Pycno-2025_CMIC611	CMIC611	NA	NA	-127.8769169	51.70860511	North East Pacific Ocean [GAZ:00013765]	2021-10-12T00:00:00	2021-10-12	marine biome [ENVO:00000447]	marine benthic biome [ENVO:01000024]	sea water [ENVO:00002149]	1	https://dx.doi.org/10.17504/protocols.io.rm7vzjxrrlx1/v1	bottle	1000	mL	-80	Sucrose Lysis Buffer	NA	"Hakai Institute, Quadra Island ,BC Canada"	"Hakai Institute, Quadra Island ,BC Canada"	NA	Seawater samples were filtered through a 0.22 痠 PVDF Sterivex sterile filter capsule to capture eDNA and DNA-containing particulates using a peristaltic pump.	1	NA	0.1	L/min	NA	NA	0.2	NA	1000	PVDF	Sterivex SVGV010RS	NA	NA	NA	NA	NA	NA	NA	NA	NA	1000	mL	physical | chemical	column-based	https://doi.org/10.5281/zenodo.22893376	Zymo Research ZymoBIOMICS DNA Miniprep Kit	This protocol is used to extract genomic DNA from 0.22-um sterivex filters using Zymo Research ZymoBIOMICS DNA Miniprep Kit. Modifications from manufacturers protocol are described here: https://doi.org/10.5281/zenodo.22893376	0	NA	13.2	ng/無	Qubit 2.0 Fluorometer (Invitrogen)	Pycno	Detected
CMIC611-2	sample	Hakai-Pycno-2025_CMIC611	CMIC611	NA	NA	-127.8769169	51.70860511	North East Pacific Ocean [GAZ:00013765]	2021-10-12T00:00:00	2021-10-12	marine biome [ENVO:00000447]	marine benthic biome [ENVO:01000024]	sea water [ENVO:00002149]	1	https://dx.doi.org/10.17504/protocols.io.rm7vzjxrrlx1/v1	bottle	1000	mL	-80	Sucrose Lysis Buffer	NA	"Hakai Institute, Quadra Island ,BC Canada"	"Hakai Institute, Quadra Island ,BC Canada"	NA	Seawater samples were filtered through a 0.22 痠 PVDF Sterivex sterile filter capsule to capture eDNA and DNA-containing particulates using a peristaltic pump.	1	NA	0.1	L/min	NA	NA	0.2	NA	1000	PVDF	Sterivex SVGV010RS	NA	NA	NA	NA	NA	NA	NA	NA	NA	1000	mL	physical | chemical	column-based	https://doi.org/10.5281/zenodo.22893376	Zymo Research ZymoBIOMICS DNA Miniprep Kit	This protocol is used to extract genomic DNA from 0.22-um sterivex filters using Zymo Research ZymoBIOMICS DNA Miniprep Kit. Modifications from manufacturers protocol are described here: https://doi.org/10.5281/zenodo.22893376	0	NA	13.2	ng/無	Qubit 2.0 Fluorometer (Invitrogen)	Pycno	Detected
CMIC611-3	sample	Hakai-Pycno-2025_CMIC611	CMIC611	NA	NA	-127.8769169	51.70860511	North East Pacific Ocean [GAZ:00013765]	2021-10-12T00:00:00	2021-10-12	marine biome [ENVO:00000447]	marine benthic biome [ENVO:01000024]	sea water [ENVO:00002149]	1	https://dx.doi.org/10.17504/protocols.io.rm7vzjxrrlx1/v1	bottle	1000	mL	-80	Sucrose Lysis Buffer	NA	"Hakai Institute, Quadra Island ,BC Canada"	"Hakai Institute, Quadra Island ,BC Canada"	NA	Seawater samples were filtered through a 0.22 痠 PVDF Sterivex sterile filter capsule to capture eDNA and DNA-containing particulates using a peristaltic pump.	1	NA	0.1	L/min	NA	NA	0.2	NA	1000	PVDF	Sterivex SVGV010RS	NA	NA	NA	NA	NA	NA	NA	NA	NA	1000	mL	physical | chemical	column-based	https://doi.org/10.5281/zenodo.22893376	Zymo Research ZymoBIOMICS DNA Miniprep Kit	This protocol is used to extract genomic DNA from 0.22-um sterivex filters using Zymo Research ZymoBIOMICS DNA Miniprep Kit. Modifications from manufacturers protocol are described here: https://doi.org/10.5281/zenodo.22893376	0	NA	13.2	ng/無	Qubit 2.0 Fluorometer (Invitrogen)	Pycno	Detected
CMIC613-1	sample	Hakai-Pycno-2025_CMIC613	CMIC613	NA	NA	-127.43015	51.7700497	North East Pacific Ocean [GAZ:00013765]	2021-10-13T00:00:00	2021-10-13	marine biome [ENVO:00000447]	marine benthic biome [ENVO:01000024]	sea water [ENVO:00002149]	1	https://dx.doi.org/10.17504/protocols.io.rm7vzjxrrlx1/v1	bottle	1000	mL	-80	Sucrose Lysis Buffer	NA	"Hakai Institute, Quadra Island ,BC Canada"	"Hakai Institute, Quadra Island ,BC Canada"	NA	Seawater samples were filtered through a 0.22 痠 PVDF Sterivex sterile filter capsule to capture eDNA and DNA-containing particulates using a peristaltic pump.	1	NA	0.1	L/min	NA	NA	0.2	NA	1000	PVDF	Sterivex SVGV010RS	NA	NA	NA	NA	NA	NA	NA	NA	NA	1000	mL	physical | chemical	column-based	https://doi.org/10.5281/zenodo.22893376	Zymo Research ZymoBIOMICS DNA Miniprep Kit	This protocol is used to extract genomic DNA from 0.22-um sterivex filters using Zymo Research ZymoBIOMICS DNA Miniprep Kit. Modifications from manufacturers protocol are described here: https://doi.org/10.5281/zenodo.22893376	0	NA	4.06	ng/無	Qubit 2.0 Fluorometer (Invitrogen)	Pycno	Detected
CMIC613-2	sample	Hakai-Pycno-2025_CMIC613	CMIC613	NA	NA	-127.43015	51.7700497	North East Pacific Ocean [GAZ:00013765]	2021-10-13T00:00:00	2021-10-13	marine biome [ENVO:00000447]	marine benthic biome [ENVO:01000024]	sea water [ENVO:00002149]	1	https://dx.doi.org/10.17504/protocols.io.rm7vzjxrrlx1/v1	bottle	1000	mL	-80	Sucrose Lysis Buffer	NA	"Hakai Institute, Quadra Island ,BC Canada"	"Hakai Institute, Quadra Island ,BC Canada"	NA	Seawater samples were filtered through a 0.22 痠 PVDF Sterivex sterile filter capsule to capture eDNA and DNA-containing particulates using a peristaltic pump.	1	NA	0.1	L/min	NA	NA	0.2	NA	1000	PVDF	Sterivex SVGV010RS	NA	NA	NA	NA	NA	NA	NA	NA	NA	1000	mL	physical | chemical	column-based	https://doi.org/10.5281/zenodo.22893376	Zymo Research ZymoBIOMICS DNA Miniprep Kit	This protocol is used to extract genomic DNA from 0.22-um sterivex filters using Zymo Research ZymoBIOMICS DNA Miniprep Kit. Modifications from manufacturers protocol are described here: https://doi.org/10.5281/zenodo.22893376	0	NA	4.06	ng/無	Qubit 2.0 Fluorometer (Invitrogen)	Pycno	Detected
CMIC613-3	sample	Hakai-Pycno-2025_CMIC613	CMIC613	NA	NA	-127.43015	51.7700497	North East Pacific Ocean [GAZ:00013765]	2021-10-13T00:00:00	2021-10-13	marine biome [ENVO:00000447]	marine benthic biome [ENVO:01000024]	sea water [ENVO:00002149]	1	https://dx.doi.org/10.17504/protocols.io.rm7vzjxrrlx1/v1	bottle	1000	mL	-80	Sucrose Lysis Buffer	NA	"Hakai Institute, Quadra Island ,BC Canada"	"Hakai Institute, Quadra Island ,BC Canada"	NA	Seawater samples were filtered through a 0.22 痠 PVDF Sterivex sterile filter capsule to capture eDNA and DNA-containing particulates using a peristaltic pump.	1	NA	0.1	L/min	NA	NA	0.2	NA	1000	PVDF	Sterivex SVGV010RS	NA	NA	NA	NA	NA	NA	NA	NA	NA	1000	mL	physical | chemical	column-based	https://doi.org/10.5281/zenodo.22893376	Zymo Research ZymoBIOMICS DNA Miniprep Kit	This protocol is used to extract genomic DNA from 0.22-um sterivex filters using Zymo Research ZymoBIOMICS DNA Miniprep Kit. Modifications from manufacturers protocol are described here: https://doi.org/10.5281/zenodo.22893376	0	NA	4.06	ng/無	Qubit 2.0 Fluorometer (Invitrogen)	Pycno	Detected
CMIC614-1	sample	Hakai-Pycno-2025_CMIC614	CMIC614	NA	NA	-127.71152	51.9652611	North East Pacific Ocean [GAZ:00013765]	2021-10-16T00:00:00	2021-10-16	marine biome [ENVO:00000447]	marine benthic biome [ENVO:01000024]	sea water [ENVO:00002149]	1	https://dx.doi.org/10.17504/protocols.io.rm7vzjxrrlx1/v1	bottle	1000	mL	-80	Sucrose Lysis Buffer	NA	"Hakai Institute, Quadra Island ,BC Canada"	"Hakai Institute, Quadra Island ,BC Canada"	NA	Seawater samples were filtered through a 0.22 痠 PVDF Sterivex sterile filter capsule to capture eDNA and DNA-containing particulates using a peristaltic pump.	1	NA	0.1	L/min	NA	NA	0.2	NA	1000	PVDF	Sterivex SVGV010RS	NA	NA	NA	NA	NA	NA	NA	NA	NA	1000	mL	physical | chemical	column-based	https://doi.org/10.5281/zenodo.22893376	Zymo Research ZymoBIOMICS DNA Miniprep Kit	This protocol is used to extract genomic DNA from 0.22-um sterivex filters using Zymo Research ZymoBIOMICS DNA Miniprep Kit. Modifications from manufacturers protocol are described here: https://doi.org/10.5281/zenodo.22893376	0	NA	7.92	ng/無	Qubit 2.0 Fluorometer (Invitrogen)	Pycno	Detected
CMIC614-2	sample	Hakai-Pycno-2025_CMIC614	CMIC614	NA	NA	-127.71152	51.9652611	North East Pacific Ocean [GAZ:00013765]	2021-10-16T00:00:00	2021-10-16	marine biome [ENVO:00000447]	marine benthic biome [ENVO:01000024]	sea water [ENVO:00002149]	1	https://dx.doi.org/10.17504/protocols.io.rm7vzjxrrlx1/v1	bottle	1000	mL	-80	Sucrose Lysis Buffer	NA	"Hakai Institute, Quadra Island ,BC Canada"	"Hakai Institute, Quadra Island ,BC Canada"	NA	Seawater samples were filtered through a 0.22 痠 PVDF Sterivex sterile filter capsule to capture eDNA and DNA-containing particulates using a peristaltic pump.	1	NA	0.1	L/min	NA	NA	0.2	NA	1000	PVDF	Sterivex SVGV010RS	NA	NA	NA	NA	NA	NA	NA	NA	NA	1000	mL	physical | chemical	column-based	https://doi.org/10.5281/zenodo.22893376	Zymo Research ZymoBIOMICS DNA Miniprep Kit	This protocol is used to extract genomic DNA from 0.22-um sterivex filters using Zymo Research ZymoBIOMICS DNA Miniprep Kit. Modifications from manufacturers protocol are described here: https://doi.org/10.5281/zenodo.22893376	0	NA	7.92	ng/無	Qubit 2.0 Fluorometer (Invitrogen)	Pycno	Detected
CMIC614-3	sample	Hakai-Pycno-2025_CMIC614	CMIC614	NA	NA	-127.71152	51.9652611	North East Pacific Ocean [GAZ:00013765]	2021-10-16T00:00:00	2021-10-16	marine biome [ENVO:00000447]	marine benthic biome [ENVO:01000024]	sea water [ENVO:00002149]	1	https://dx.doi.org/10.17504/protocols.io.rm7vzjxrrlx1/v1	bottle	1000	mL	-80	Sucrose Lysis Buffer	NA	"Hakai Institute, Quadra Island ,BC Canada"	"Hakai Institute, Quadra Island ,BC Canada"	NA	Seawater samples were filtered through a 0.22 痠 PVDF Sterivex sterile filter capsule to capture eDNA and DNA-containing particulates using a peristaltic pump.	1	NA	0.1	L/min	NA	NA	0.2	NA	1000	PVDF	Sterivex SVGV010RS	NA	NA	NA	NA	NA	NA	NA	NA	NA	1000	mL	physical | chemical	column-based	https://doi.org/10.5281/zenodo.22893376	Zymo Research ZymoBIOMICS DNA Miniprep Kit	This protocol is used to extract genomic DNA from 0.22-um sterivex filters using Zymo Research ZymoBIOMICS DNA Miniprep Kit. Modifications from manufacturers protocol are described here: https://doi.org/10.5281/zenodo.22893376	0	NA	7.92	ng/無	Qubit 2.0 Fluorometer (Invitrogen)	Pycno	Detected
CMIC615-1	sample	Hakai-Pycno-2025_CMIC615	CMIC615	NA	NA	-127.74103	51.9517062	North East Pacific Ocean [GAZ:00013765]	2021-10-16T00:00:00	2021-10-16	marine biome [ENVO:00000447]	marine benthic biome [ENVO:01000024]	sea water [ENVO:00002149]	1	https://dx.doi.org/10.17504/protocols.io.rm7vzjxrrlx1/v1	bottle	1000	mL	-80	Sucrose Lysis Buffer	NA	"Hakai Institute, Quadra Island ,BC Canada"	"Hakai Institute, Quadra Island ,BC Canada"	NA	Seawater samples were filtered through a 0.22 痠 PVDF Sterivex sterile filter capsule to capture eDNA and DNA-containing particulates using a peristaltic pump.	1	NA	0.1	L/min	NA	NA	0.2	NA	1000	PVDF	Sterivex SVGV010RS	NA	NA	NA	NA	NA	NA	NA	NA	NA	1000	mL	physical | chemical	column-based	https://doi.org/10.5281/zenodo.22893376	Zymo Research ZymoBIOMICS DNA Miniprep Kit	This protocol is used to extract genomic DNA from 0.22-um sterivex filters using Zymo Research ZymoBIOMICS DNA Miniprep Kit. Modifications from manufacturers protocol are described here: https://doi.org/10.5281/zenodo.22893376	0	NA	8.32	ng/無	Qubit 2.0 Fluorometer (Invitrogen)	Pycno	Detected
CMIC615-2	sample	Hakai-Pycno-2025_CMIC615	CMIC615	NA	NA	-127.74103	51.9517062	North East Pacific Ocean [GAZ:00013765]	2021-10-16T00:00:00	2021-10-16	marine biome [ENVO:00000447]	marine benthic biome [ENVO:01000024]	sea water [ENVO:00002149]	1	https://dx.doi.org/10.17504/protocols.io.rm7vzjxrrlx1/v1	bottle	1000	mL	-80	Sucrose Lysis Buffer	NA	"Hakai Institute, Quadra Island ,BC Canada"	"Hakai Institute, Quadra Island ,BC Canada"	NA	Seawater samples were filtered through a 0.22 痠 PVDF Sterivex sterile filter capsule to capture eDNA and DNA-containing particulates using a peristaltic pump.	1	NA	0.1	L/min	NA	NA	0.2	NA	1000	PVDF	Sterivex SVGV010RS	NA	NA	NA	NA	NA	NA	NA	NA	NA	1000	mL	physical | chemical	column-based	https://doi.org/10.5281/zenodo.22893376	Zymo Research ZymoBIOMICS DNA Miniprep Kit	This protocol is used to extract genomic DNA from 0.22-um sterivex filters using Zymo Research ZymoBIOMICS DNA Miniprep Kit. Modifications from manufacturers protocol are described here: https://doi.org/10.5281/zenodo.22893376	0	NA	8.32	ng/無	Qubit 2.0 Fluorometer (Invitrogen)	Pycno	Detected
CMIC615-3	sample	Hakai-Pycno-2025_CMIC615	CMIC615	NA	NA	-127.74103	51.9517062	North East Pacific Ocean [GAZ:00013765]	2021-10-16T00:00:00	2021-10-16	marine biome [ENVO:00000447]	marine benthic biome [ENVO:01000024]	sea water [ENVO:00002149]	1	https://dx.doi.org/10.17504/protocols.io.rm7vzjxrrlx1/v1	bottle	1000	mL	-80	Sucrose Lysis Buffer	NA	"Hakai Institute, Quadra Island ,BC Canada"	"Hakai Institute, Quadra Island ,BC Canada"	NA	Seawater samples were filtered through a 0.22 痠 PVDF Sterivex sterile filter capsule to capture eDNA and DNA-containing particulates using a peristaltic pump.	1	NA	0.1	L/min	NA	NA	0.2	NA	1000	PVDF	Sterivex SVGV010RS	NA	NA	NA	NA	NA	NA	NA	NA	NA	1000	mL	physical | chemical	column-based	https://doi.org/10.5281/zenodo.22893376	Zymo Research ZymoBIOMICS DNA Miniprep Kit	This protocol is used to extract genomic DNA from 0.22-um sterivex filters using Zymo Research ZymoBIOMICS DNA Miniprep Kit. Modifications from manufacturers protocol are described here: https://doi.org/10.5281/zenodo.22893376	0	NA	8.32	ng/無	Qubit 2.0 Fluorometer (Invitrogen)	Pycno	Detected
CMIC616-1	sample	Hakai-Pycno-2025_CMIC616	CMIC616	NA	NA	-127.77545	51.9617544	North East Pacific Ocean [GAZ:00013765]	2021-10-16T00:00:00	2021-10-16	marine biome [ENVO:00000447]	marine benthic biome [ENVO:01000024]	sea water [ENVO:00002149]	1	https://dx.doi.org/10.17504/protocols.io.rm7vzjxrrlx1/v1	bottle	1000	mL	-80	Sucrose Lysis Buffer	NA	"Hakai Institute, Quadra Island ,BC Canada"	"Hakai Institute, Quadra Island ,BC Canada"	NA	Seawater samples were filtered through a 0.22 痠 PVDF Sterivex sterile filter capsule to capture eDNA and DNA-containing particulates using a peristaltic pump.	1	NA	0.1	L/min	NA	NA	0.2	NA	1000	PVDF	Sterivex SVGV010RS	NA	NA	NA	NA	NA	NA	NA	NA	NA	1000	mL	physical | chemical	column-based	https://doi.org/10.5281/zenodo.22893376	Zymo Research ZymoBIOMICS DNA Miniprep Kit	This protocol is used to extract genomic DNA from 0.22-um sterivex filters using Zymo Research ZymoBIOMICS DNA Miniprep Kit. Modifications from manufacturers protocol are described here: https://doi.org/10.5281/zenodo.22893376	0	NA	6.64	ng/無	Qubit 2.0 Fluorometer (Invitrogen)	Pycno	Detected
CMIC616-2	sample	Hakai-Pycno-2025_CMIC616	CMIC616	NA	NA	-127.77545	51.9617544	North East Pacific Ocean [GAZ:00013765]	2021-10-16T00:00:00	2021-10-16	marine biome [ENVO:00000447]	marine benthic biome [ENVO:01000024]	sea water [ENVO:00002149]	1	https://dx.doi.org/10.17504/protocols.io.rm7vzjxrrlx1/v1	bottle	1000	mL	-80	Sucrose Lysis Buffer	NA	"Hakai Institute, Quadra Island ,BC Canada"	"Hakai Institute, Quadra Island ,BC Canada"	NA	Seawater samples were filtered through a 0.22 痠 PVDF Sterivex sterile filter capsule to capture eDNA and DNA-containing particulates using a peristaltic pump.	1	NA	0.1	L/min	NA	NA	0.2	NA	1000	PVDF	Sterivex SVGV010RS	NA	NA	NA	NA	NA	NA	NA	NA	NA	1000	mL	physical | chemical	column-based	https://doi.org/10.5281/zenodo.22893376	Zymo Research ZymoBIOMICS DNA Miniprep Kit	This protocol is used to extract genomic DNA from 0.22-um sterivex filters using Zymo Research ZymoBIOMICS DNA Miniprep Kit. Modifications from manufacturers protocol are described here: https://doi.org/10.5281/zenodo.22893376	0	NA	6.64	ng/無	Qubit 2.0 Fluorometer (Invitrogen)	Pycno	Detected
CMIC616-3	sample	Hakai-Pycno-2025_CMIC616	CMIC616	NA	NA	-127.77545	51.9617544	North East Pacific Ocean [GAZ:00013765]	2021-10-16T00:00:00	2021-10-16	marine biome [ENVO:00000447]	marine benthic biome [ENVO:01000024]	sea water [ENVO:00002149]	1	https://dx.doi.org/10.17504/protocols.io.rm7vzjxrrlx1/v1	bottle	1000	mL	-80	Sucrose Lysis Buffer	NA	"Hakai Institute, Quadra Island ,BC Canada"	"Hakai Institute, Quadra Island ,BC Canada"	NA	Seawater samples were filtered through a 0.22 痠 PVDF Sterivex sterile filter capsule to capture eDNA and DNA-containing particulates using a peristaltic pump.	1	NA	0.1	L/min	NA	NA	0.2	NA	1000	PVDF	Sterivex SVGV010RS	NA	NA	NA	NA	NA	NA	NA	NA	NA	1000	mL	physical | chemical	column-based	https://doi.org/10.5281/zenodo.22893376	Zymo Research ZymoBIOMICS DNA Miniprep Kit	This protocol is used to extract genomic DNA from 0.22-um sterivex filters using Zymo Research ZymoBIOMICS DNA Miniprep Kit. Modifications from manufacturers protocol are described here: https://doi.org/10.5281/zenodo.22893376	0	NA	6.64	ng/無	Qubit 2.0 Fluorometer (Invitrogen)	Pycno	Detected
CMIC617-1	sample	Hakai-Pycno-2025_CMIC617	CMIC617	NA	NA	-127.88845	51.9258389	North East Pacific Ocean [GAZ:00013765]	2021-10-16T00:00:00	2021-10-16	marine biome [ENVO:00000447]	marine benthic biome [ENVO:01000024]	sea water [ENVO:00002149]	1	https://dx.doi.org/10.17504/protocols.io.rm7vzjxrrlx1/v1	bottle	1000	mL	-80	Sucrose Lysis Buffer	NA	"Hakai Institute, Quadra Island ,BC Canada"	"Hakai Institute, Quadra Island ,BC Canada"	NA	Seawater samples were filtered through a 0.22 痠 PVDF Sterivex sterile filter capsule to capture eDNA and DNA-containing particulates using a peristaltic pump.	1	NA	0.1	L/min	NA	NA	0.2	NA	1000	PVDF	Sterivex SVGV010RS	NA	NA	NA	NA	NA	NA	NA	NA	NA	1000	mL	physical | chemical	column-based	https://doi.org/10.5281/zenodo.22893376	Zymo Research ZymoBIOMICS DNA Miniprep Kit	This protocol is used to extract genomic DNA from 0.22-um sterivex filters using Zymo Research ZymoBIOMICS DNA Miniprep Kit. Modifications from manufacturers protocol are described here: https://doi.org/10.5281/zenodo.22893376	0	NA	5.15	ng/無	Qubit 2.0 Fluorometer (Invitrogen)	Pycno	Detected
CMIC617-2	sample	Hakai-Pycno-2025_CMIC617	CMIC617	NA	NA	-127.88845	51.9258389	North East Pacific Ocean [GAZ:00013765]	2021-10-16T00:00:00	2021-10-16	marine biome [ENVO:00000447]	marine benthic biome [ENVO:01000024]	sea water [ENVO:00002149]	1	https://dx.doi.org/10.17504/protocols.io.rm7vzjxrrlx1/v1	bottle	1000	mL	-80	Sucrose Lysis Buffer	NA	"Hakai Institute, Quadra Island ,BC Canada"	"Hakai Institute, Quadra Island ,BC Canada"	NA	Seawater samples were filtered through a 0.22 痠 PVDF Sterivex sterile filter capsule to capture eDNA and DNA-containing particulates using a peristaltic pump.	1	NA	0.1	L/min	NA	NA	0.2	NA	1000	PVDF	Sterivex SVGV010RS	NA	NA	NA	NA	NA	NA	NA	NA	NA	1000	mL	physical | chemical	column-based	https://doi.org/10.5281/zenodo.22893376	Zymo Research ZymoBIOMICS DNA Miniprep Kit	This protocol is used to extract genomic DNA from 0.22-um sterivex filters using Zymo Research ZymoBIOMICS DNA Miniprep Kit. Modifications from manufacturers protocol are described here: https://doi.org/10.5281/zenodo.22893376	0	NA	5.15	ng/無	Qubit 2.0 Fluorometer (Invitrogen)	Pycno	Detected
CMIC617-3	sample	Hakai-Pycno-2025_CMIC617	CMIC617	NA	NA	-127.88845	51.9258389	North East Pacific Ocean [GAZ:00013765]	2021-10-16T00:00:00	2021-10-16	marine biome [ENVO:00000447]	marine benthic biome [ENVO:01000024]	sea water [ENVO:00002149]	1	https://dx.doi.org/10.17504/protocols.io.rm7vzjxrrlx1/v1	bottle	1000	mL	-80	Sucrose Lysis Buffer	NA	"Hakai Institute, Quadra Island ,BC Canada"	"Hakai Institute, Quadra Island ,BC Canada"	NA	Seawater samples were filtered through a 0.22 痠 PVDF Sterivex sterile filter capsule to capture eDNA and DNA-containing particulates using a peristaltic pump.	1	NA	0.1	L/min	NA	NA	0.2	NA	1000	PVDF	Sterivex SVGV010RS	NA	NA	NA	NA	NA	NA	NA	NA	NA	1000	mL	physical | chemical	column-based	https://doi.org/10.5281/zenodo.22893376	Zymo Research ZymoBIOMICS DNA Miniprep Kit	This protocol is used to extract genomic DNA from 0.22-um sterivex filters using Zymo Research ZymoBIOMICS DNA Miniprep Kit. Modifications from manufacturers protocol are described here: https://doi.org/10.5281/zenodo.22893376	0	NA	5.15	ng/無	Qubit 2.0 Fluorometer (Invitrogen)	Pycno	Detected
CMIC618-1	sample	Hakai-Pycno-2025_CMIC618	CMIC618	NA	NA	-128.1347	51.66508	North East Pacific Ocean [GAZ:00013765]	2021-11-05T00:00:00	2021-11-05	marine biome [ENVO:00000447]	marine benthic biome [ENVO:01000024]	sea water [ENVO:00002149]	1	https://dx.doi.org/10.17504/protocols.io.rm7vzjxrrlx1/v1	bottle	1000	mL	-80	Sucrose Lysis Buffer	NA	"Hakai Institute, Quadra Island ,BC Canada"	"Hakai Institute, Quadra Island ,BC Canada"	NA	Seawater samples were filtered through a 0.22 痠 PVDF Sterivex sterile filter capsule to capture eDNA and DNA-containing particulates using a peristaltic pump.	1	NA	0.1	L/min	NA	NA	0.2	NA	1000	PVDF	Sterivex SVGV010RS	NA	NA	NA	NA	NA	NA	NA	NA	NA	1000	mL	physical | chemical	column-based	https://doi.org/10.5281/zenodo.22893376	Zymo Research ZymoBIOMICS DNA Miniprep Kit	This protocol is used to extract genomic DNA from 0.22-um sterivex filters using Zymo Research ZymoBIOMICS DNA Miniprep Kit. Modifications from manufacturers protocol are described here: https://doi.org/10.5281/zenodo.22893376	0	NA	NA	ng/無	Qubit 2.0 Fluorometer (Invitrogen)	Pycno	Detected
CMIC618-2	sample	Hakai-Pycno-2025_CMIC618	CMIC618	NA	NA	-128.1347	51.66508	North East Pacific Ocean [GAZ:00013765]	2021-11-05T00:00:00	2021-11-05	marine biome [ENVO:00000447]	marine benthic biome [ENVO:01000024]	sea water [ENVO:00002149]	1	https://dx.doi.org/10.17504/protocols.io.rm7vzjxrrlx1/v1	bottle	1000	mL	-80	Sucrose Lysis Buffer	NA	"Hakai Institute, Quadra Island ,BC Canada"	"Hakai Institute, Quadra Island ,BC Canada"	NA	Seawater samples were filtered through a 0.22 痠 PVDF Sterivex sterile filter capsule to capture eDNA and DNA-containing particulates using a peristaltic pump.	1	NA	0.1	L/min	NA	NA	0.2	NA	1000	PVDF	Sterivex SVGV010RS	NA	NA	NA	NA	NA	NA	NA	NA	NA	1000	mL	physical | chemical	column-based	https://doi.org/10.5281/zenodo.22893376	Zymo Research ZymoBIOMICS DNA Miniprep Kit	This protocol is used to extract genomic DNA from 0.22-um sterivex filters using Zymo Research ZymoBIOMICS DNA Miniprep Kit. Modifications from manufacturers protocol are described here: https://doi.org/10.5281/zenodo.22893376	0	NA	NA	ng/無	Qubit 2.0 Fluorometer (Invitrogen)	Pycno	Detected
CMIC618-3	sample	Hakai-Pycno-2025_CMIC618	CMIC618	NA	NA	-128.1347	51.66508	North East Pacific Ocean [GAZ:00013765]	2021-11-05T00:00:00	2021-11-05	marine biome [ENVO:00000447]	marine benthic biome [ENVO:01000024]	sea water [ENVO:00002149]	1	https://dx.doi.org/10.17504/protocols.io.rm7vzjxrrlx1/v1	bottle	1000	mL	-80	Sucrose Lysis Buffer	NA	"Hakai Institute, Quadra Island ,BC Canada"	"Hakai Institute, Quadra Island ,BC Canada"	NA	Seawater samples were filtered through a 0.22 痠 PVDF Sterivex sterile filter capsule to capture eDNA and DNA-containing particulates using a peristaltic pump.	1	NA	0.1	L/min	NA	NA	0.2	NA	1000	PVDF	Sterivex SVGV010RS	NA	NA	NA	NA	NA	NA	NA	NA	NA	1000	mL	physical | chemical	column-based	https://doi.org/10.5281/zenodo.22893376	Zymo Research ZymoBIOMICS DNA Miniprep Kit	This protocol is used to extract genomic DNA from 0.22-um sterivex filters using Zymo Research ZymoBIOMICS DNA Miniprep Kit. Modifications from manufacturers protocol are described here: https://doi.org/10.5281/zenodo.22893376	0	NA	NA	ng/無	Qubit 2.0 Fluorometer (Invitrogen)	Pycno	Detected
CMIC620-1	sample	Hakai-Pycno-2025_CMIC620	CMIC620	NA	NA	-128.148814	51.657423	North East Pacific Ocean [GAZ:00013765]	2021-11-07T00:00:00	2021-11-07	marine biome [ENVO:00000447]	marine benthic biome [ENVO:01000024]	sea water [ENVO:00002149]	1	https://dx.doi.org/10.17504/protocols.io.rm7vzjxrrlx1/v1	bottle	1000	mL	-80	Sucrose Lysis Buffer	NA	"Hakai Institute, Quadra Island ,BC Canada"	"Hakai Institute, Quadra Island ,BC Canada"	NA	Seawater samples were filtered through a 0.22 痠 PVDF Sterivex sterile filter capsule to capture eDNA and DNA-containing particulates using a peristaltic pump.	1	NA	0.1	L/min	NA	NA	0.2	NA	1000	PVDF	Sterivex SVGV010RS	NA	NA	NA	NA	NA	NA	NA	NA	NA	1000	mL	physical | chemical	column-based	https://doi.org/10.5281/zenodo.22893376	Zymo Research ZymoBIOMICS DNA Miniprep Kit	This protocol is used to extract genomic DNA from 0.22-um sterivex filters using Zymo Research ZymoBIOMICS DNA Miniprep Kit. Modifications from manufacturers protocol are described here: https://doi.org/10.5281/zenodo.22893376	0	NA	NA	ng/無	Qubit 2.0 Fluorometer (Invitrogen)	Pycno	Detected
CMIC620-2	sample	Hakai-Pycno-2025_CMIC620	CMIC620	NA	NA	-128.148814	51.657423	North East Pacific Ocean [GAZ:00013765]	2021-11-07T00:00:00	2021-11-07	marine biome [ENVO:00000447]	marine benthic biome [ENVO:01000024]	sea water [ENVO:00002149]	1	https://dx.doi.org/10.17504/protocols.io.rm7vzjxrrlx1/v1	bottle	1000	mL	-80	Sucrose Lysis Buffer	NA	"Hakai Institute, Quadra Island ,BC Canada"	"Hakai Institute, Quadra Island ,BC Canada"	NA	Seawater samples were filtered through a 0.22 痠 PVDF Sterivex sterile filter capsule to capture eDNA and DNA-containing particulates using a peristaltic pump.	1	NA	0.1	L/min	NA	NA	0.2	NA	1000	PVDF	Sterivex SVGV010RS	NA	NA	NA	NA	NA	NA	NA	NA	NA	1000	mL	physical | chemical	column-based	https://doi.org/10.5281/zenodo.22893376	Zymo Research ZymoBIOMICS DNA Miniprep Kit	This protocol is used to extract genomic DNA from 0.22-um sterivex filters using Zymo Research ZymoBIOMICS DNA Miniprep Kit. Modifications from manufacturers protocol are described here: https://doi.org/10.5281/zenodo.22893376	0	NA	NA	ng/無	Qubit 2.0 Fluorometer (Invitrogen)	Pycno	Not Detected
CMIC620-3	sample	Hakai-Pycno-2025_CMIC620	CMIC620	NA	NA	-128.148814	51.657423	North East Pacific Ocean [GAZ:00013765]	2021-11-07T00:00:00	2021-11-07	marine biome [ENVO:00000447]	marine benthic biome [ENVO:01000024]	sea water [ENVO:00002149]	1	https://dx.doi.org/10.17504/protocols.io.rm7vzjxrrlx1/v1	bottle	1000	mL	-80	Sucrose Lysis Buffer	NA	"Hakai Institute, Quadra Island ,BC Canada"	"Hakai Institute, Quadra Island ,BC Canada"	NA	Seawater samples were filtered through a 0.22 痠 PVDF Sterivex sterile filter capsule to capture eDNA and DNA-containing particulates using a peristaltic pump.	1	NA	0.1	L/min	NA	NA	0.2	NA	1000	PVDF	Sterivex SVGV010RS	NA	NA	NA	NA	NA	NA	NA	NA	NA	1000	mL	physical | chemical	column-based	https://doi.org/10.5281/zenodo.22893376	Zymo Research ZymoBIOMICS DNA Miniprep Kit	This protocol is used to extract genomic DNA from 0.22-um sterivex filters using Zymo Research ZymoBIOMICS DNA Miniprep Kit. Modifications from manufacturers protocol are described here: https://doi.org/10.5281/zenodo.22893376	0	NA	NA	ng/無	Qubit 2.0 Fluorometer (Invitrogen)	Pycno	Not Detected
CMIC624-1	sample	Hakai-Pycno-2025_CMIC624	CMIC624	NA	NA	-128.0528775	51.80212005	North East Pacific Ocean [GAZ:00013765]	2022-05-13T00:00:00	2022-05-13	marine biome [ENVO:00000447]	marine benthic biome [ENVO:01000024]	sea water [ENVO:00002149]	1	https://dx.doi.org/10.17504/protocols.io.rm7vzjxrrlx1/v1	bottle	1000	mL	-80	Sucrose Lysis Buffer	NA	"Hakai Institute, Quadra Island ,BC Canada"	"Hakai Institute, Quadra Island ,BC Canada"	NA	Seawater samples were filtered through a 0.22 痠 PVDF Sterivex sterile filter capsule to capture eDNA and DNA-containing particulates using a peristaltic pump.	1	NA	0.1	L/min	NA	NA	0.2	NA	1000	PVDF	Sterivex SVGV010RS	NA	NA	NA	NA	NA	NA	NA	NA	NA	1000	mL	physical | chemical	column-based	https://doi.org/10.5281/zenodo.22893376	Zymo Research ZymoBIOMICS DNA Miniprep Kit	This protocol is used to extract genomic DNA from 0.22-um sterivex filters using Zymo Research ZymoBIOMICS DNA Miniprep Kit. Modifications from manufacturers protocol are described here: https://doi.org/10.5281/zenodo.22893376	0	NA	12.6	ng/無	Qubit 2.0 Fluorometer (Invitrogen)	Pycno	Detected
CMIC624-2	sample	Hakai-Pycno-2025_CMIC624	CMIC624	NA	NA	-128.0528775	51.80212005	North East Pacific Ocean [GAZ:00013765]	2022-05-13T00:00:00	2022-05-13	marine biome [ENVO:00000447]	marine benthic biome [ENVO:01000024]	sea water [ENVO:00002149]	1	https://dx.doi.org/10.17504/protocols.io.rm7vzjxrrlx1/v1	bottle	1000	mL	-80	Sucrose Lysis Buffer	NA	"Hakai Institute, Quadra Island ,BC Canada"	"Hakai Institute, Quadra Island ,BC Canada"	NA	Seawater samples were filtered through a 0.22 痠 PVDF Sterivex sterile filter capsule to capture eDNA and DNA-containing particulates using a peristaltic pump.	1	NA	0.1	L/min	NA	NA	0.2	NA	1000	PVDF	Sterivex SVGV010RS	NA	NA	NA	NA	NA	NA	NA	NA	NA	1000	mL	physical | chemical	column-based	https://doi.org/10.5281/zenodo.22893376	Zymo Research ZymoBIOMICS DNA Miniprep Kit	This protocol is used to extract genomic DNA from 0.22-um sterivex filters using Zymo Research ZymoBIOMICS DNA Miniprep Kit. Modifications from manufacturers protocol are described here: https://doi.org/10.5281/zenodo.22893376	0	NA	12.6	ng/無	Qubit 2.0 Fluorometer (Invitrogen)	Pycno	Detected
CMIC624-3	sample	Hakai-Pycno-2025_CMIC624	CMIC624	NA	NA	-128.0528775	51.80212005	North East Pacific Ocean [GAZ:00013765]	2022-05-13T00:00:00	2022-05-13	marine biome [ENVO:00000447]	marine benthic biome [ENVO:01000024]	sea water [ENVO:00002149]	1	https://dx.doi.org/10.17504/protocols.io.rm7vzjxrrlx1/v1	bottle	1000	mL	-80	Sucrose Lysis Buffer	NA	"Hakai Institute, Quadra Island ,BC Canada"	"Hakai Institute, Quadra Island ,BC Canada"	NA	Seawater samples were filtered through a 0.22 痠 PVDF Sterivex sterile filter capsule to capture eDNA and DNA-containing particulates using a peristaltic pump.	1	NA	0.1	L/min	NA	NA	0.2	NA	1000	PVDF	Sterivex SVGV010RS	NA	NA	NA	NA	NA	NA	NA	NA	NA	1000	mL	physical | chemical	column-based	https://doi.org/10.5281/zenodo.22893376	Zymo Research ZymoBIOMICS DNA Miniprep Kit	This protocol is used to extract genomic DNA from 0.22-um sterivex filters using Zymo Research ZymoBIOMICS DNA Miniprep Kit. Modifications from manufacturers protocol are described here: https://doi.org/10.5281/zenodo.22893376	0	NA	12.6	ng/無	Qubit 2.0 Fluorometer (Invitrogen)	Pycno	Detected
CMIC625-1	sample	Hakai-Pycno-2025_CMIC625	CMIC625	NA	NA	-128.1127092	51.65812538	North East Pacific Ocean [GAZ:00013765]	2022-05-14T00:00:00	2022-05-14	marine biome [ENVO:00000447]	marine benthic biome [ENVO:01000024]	sea water [ENVO:00002149]	1	https://dx.doi.org/10.17504/protocols.io.rm7vzjxrrlx1/v1	bottle	1000	mL	-80	Sucrose Lysis Buffer	NA	"Hakai Institute, Quadra Island ,BC Canada"	"Hakai Institute, Quadra Island ,BC Canada"	NA	Seawater samples were filtered through a 0.22 痠 PVDF Sterivex sterile filter capsule to capture eDNA and DNA-containing particulates using a peristaltic pump.	1	NA	0.1	L/min	NA	NA	0.2	NA	1000	PVDF	Sterivex SVGV010RS	NA	NA	NA	NA	NA	NA	NA	NA	NA	1000	mL	physical | chemical	column-based	https://doi.org/10.5281/zenodo.22893376	Zymo Research ZymoBIOMICS DNA Miniprep Kit	This protocol is used to extract genomic DNA from 0.22-um sterivex filters using Zymo Research ZymoBIOMICS DNA Miniprep Kit. Modifications from manufacturers protocol are described here: https://doi.org/10.5281/zenodo.22893376	0	NA	21.7	ng/無	Qubit 2.0 Fluorometer (Invitrogen)	Pycno	Detected
CMIC625-2	sample	Hakai-Pycno-2025_CMIC625	CMIC625	NA	NA	-128.1127092	51.65812538	North East Pacific Ocean [GAZ:00013765]	2022-05-14T00:00:00	2022-05-14	marine biome [ENVO:00000447]	marine benthic biome [ENVO:01000024]	sea water [ENVO:00002149]	1	https://dx.doi.org/10.17504/protocols.io.rm7vzjxrrlx1/v1	bottle	1000	mL	-80	Sucrose Lysis Buffer	NA	"Hakai Institute, Quadra Island ,BC Canada"	"Hakai Institute, Quadra Island ,BC Canada"	NA	Seawater samples were filtered through a 0.22 痠 PVDF Sterivex sterile filter capsule to capture eDNA and DNA-containing particulates using a peristaltic pump.	1	NA	0.1	L/min	NA	NA	0.2	NA	1000	PVDF	Sterivex SVGV010RS	NA	NA	NA	NA	NA	NA	NA	NA	NA	1000	mL	physical | chemical	column-based	https://doi.org/10.5281/zenodo.22893376	Zymo Research ZymoBIOMICS DNA Miniprep Kit	This protocol is used to extract genomic DNA from 0.22-um sterivex filters using Zymo Research ZymoBIOMICS DNA Miniprep Kit. Modifications from manufacturers protocol are described here: https://doi.org/10.5281/zenodo.22893376	0	NA	21.7	ng/無	Qubit 2.0 Fluorometer (Invitrogen)	Pycno	Detected
CMIC625-3	sample	Hakai-Pycno-2025_CMIC625	CMIC625	NA	NA	-128.1127092	51.65812538	North East Pacific Ocean [GAZ:00013765]	2022-05-14T00:00:00	2022-05-14	marine biome [ENVO:00000447]	marine benthic biome [ENVO:01000024]	sea water [ENVO:00002149]	1	https://dx.doi.org/10.17504/protocols.io.rm7vzjxrrlx1/v1	bottle	1000	mL	-80	Sucrose Lysis Buffer	NA	"Hakai Institute, Quadra Island ,BC Canada"	"Hakai Institute, Quadra Island ,BC Canada"	NA	Seawater samples were filtered through a 0.22 痠 PVDF Sterivex sterile filter capsule to capture eDNA and DNA-containing particulates using a peristaltic pump.	1	NA	0.1	L/min	NA	NA	0.2	NA	1000	PVDF	Sterivex SVGV010RS	NA	NA	NA	NA	NA	NA	NA	NA	NA	1000	mL	physical | chemical	column-based	https://doi.org/10.5281/zenodo.22893376	Zymo Research ZymoBIOMICS DNA Miniprep Kit	This protocol is used to extract genomic DNA from 0.22-um sterivex filters using Zymo Research ZymoBIOMICS DNA Miniprep Kit. Modifications from manufacturers protocol are described here: https://doi.org/10.5281/zenodo.22893376	0	NA	21.7	ng/無	Qubit 2.0 Fluorometer (Invitrogen)	Pycno	Not Detected
CMIC626-1	sample	Hakai-Pycno-2025_CMIC626	CMIC626	NA	NA	-128.0945833	51.66461667	North East Pacific Ocean [GAZ:00013765]	2022-05-14T00:00:00	2022-05-14	marine biome [ENVO:00000447]	marine benthic biome [ENVO:01000024]	sea water [ENVO:00002149]	1	https://dx.doi.org/10.17504/protocols.io.rm7vzjxrrlx1/v1	bottle	1000	mL	-80	Sucrose Lysis Buffer	NA	"Hakai Institute, Quadra Island ,BC Canada"	"Hakai Institute, Quadra Island ,BC Canada"	NA	Seawater samples were filtered through a 0.22 痠 PVDF Sterivex sterile filter capsule to capture eDNA and DNA-containing particulates using a peristaltic pump.	1	NA	0.1	L/min	NA	NA	0.2	NA	1000	PVDF	Sterivex SVGV010RS	NA	NA	NA	NA	NA	NA	NA	NA	NA	1000	mL	physical | chemical	column-based	https://doi.org/10.5281/zenodo.22893376	Zymo Research ZymoBIOMICS DNA Miniprep Kit	This protocol is used to extract genomic DNA from 0.22-um sterivex filters using Zymo Research ZymoBIOMICS DNA Miniprep Kit. Modifications from manufacturers protocol are described here: https://doi.org/10.5281/zenodo.22893376	0	NA	28.7	ng/無	Qubit 2.0 Fluorometer (Invitrogen)	Pycno	Detected
CMIC626-2	sample	Hakai-Pycno-2025_CMIC626	CMIC626	NA	NA	-128.0945833	51.66461667	North East Pacific Ocean [GAZ:00013765]	2022-05-14T00:00:00	2022-05-14	marine biome [ENVO:00000447]	marine benthic biome [ENVO:01000024]	sea water [ENVO:00002149]	1	https://dx.doi.org/10.17504/protocols.io.rm7vzjxrrlx1/v1	bottle	1000	mL	-80	Sucrose Lysis Buffer	NA	"Hakai Institute, Quadra Island ,BC Canada"	"Hakai Institute, Quadra Island ,BC Canada"	NA	Seawater samples were filtered through a 0.22 痠 PVDF Sterivex sterile filter capsule to capture eDNA and DNA-containing particulates using a peristaltic pump.	1	NA	0.1	L/min	NA	NA	0.2	NA	1000	PVDF	Sterivex SVGV010RS	NA	NA	NA	NA	NA	NA	NA	NA	NA	1000	mL	physical | chemical	column-based	https://doi.org/10.5281/zenodo.22893376	Zymo Research ZymoBIOMICS DNA Miniprep Kit	This protocol is used to extract genomic DNA from 0.22-um sterivex filters using Zymo Research ZymoBIOMICS DNA Miniprep Kit. Modifications from manufacturers protocol are described here: https://doi.org/10.5281/zenodo.22893376	0	NA	28.7	ng/無	Qubit 2.0 Fluorometer (Invitrogen)	Pycno	Detected
CMIC626-3	sample	Hakai-Pycno-2025_CMIC626	CMIC626	NA	NA	-128.0945833	51.66461667	North East Pacific Ocean [GAZ:00013765]	2022-05-14T00:00:00	2022-05-14	marine biome [ENVO:00000447]	marine benthic biome [ENVO:01000024]	sea water [ENVO:00002149]	1	https://dx.doi.org/10.17504/protocols.io.rm7vzjxrrlx1/v1	bottle	1000	mL	-80	Sucrose Lysis Buffer	NA	"Hakai Institute, Quadra Island ,BC Canada"	"Hakai Institute, Quadra Island ,BC Canada"	NA	Seawater samples were filtered through a 0.22 痠 PVDF Sterivex sterile filter capsule to capture eDNA and DNA-containing particulates using a peristaltic pump.	1	NA	0.1	L/min	NA	NA	0.2	NA	1000	PVDF	Sterivex SVGV010RS	NA	NA	NA	NA	NA	NA	NA	NA	NA	1000	mL	physical | chemical	column-based	https://doi.org/10.5281/zenodo.22893376	Zymo Research ZymoBIOMICS DNA Miniprep Kit	This protocol is used to extract genomic DNA from 0.22-um sterivex filters using Zymo Research ZymoBIOMICS DNA Miniprep Kit. Modifications from manufacturers protocol are described here: https://doi.org/10.5281/zenodo.22893376	0	NA	28.7	ng/無	Qubit 2.0 Fluorometer (Invitrogen)	Pycno	Detected
CMIC628-1	sample	Hakai-Pycno-2025_CMIC628	CMIC628	NA	NA	-128.148814	51.657423	North East Pacific Ocean [GAZ:00013765]	2022-05-15T00:00:00	2022-05-15	marine biome [ENVO:00000447]	marine benthic biome [ENVO:01000024]	sea water [ENVO:00002149]	1	https://dx.doi.org/10.17504/protocols.io.rm7vzjxrrlx1/v1	bottle	1000	mL	-80	Sucrose Lysis Buffer	NA	"Hakai Institute, Quadra Island ,BC Canada"	"Hakai Institute, Quadra Island ,BC Canada"	NA	Seawater samples were filtered through a 0.22 痠 PVDF Sterivex sterile filter capsule to capture eDNA and DNA-containing particulates using a peristaltic pump.	1	NA	0.1	L/min	NA	NA	0.2	NA	1000	PVDF	Sterivex SVGV010RS	NA	NA	NA	NA	NA	NA	NA	NA	NA	1000	mL	physical | chemical	column-based	https://doi.org/10.5281/zenodo.22893376	Zymo Research ZymoBIOMICS DNA Miniprep Kit	This protocol is used to extract genomic DNA from 0.22-um sterivex filters using Zymo Research ZymoBIOMICS DNA Miniprep Kit. Modifications from manufacturers protocol are described here: https://doi.org/10.5281/zenodo.22893376	0	NA	NA	ng/無	Qubit 2.0 Fluorometer (Invitrogen)	Pycno	Detected
CMIC628-2	sample	Hakai-Pycno-2025_CMIC628	CMIC628	NA	NA	-128.148814	51.657423	North East Pacific Ocean [GAZ:00013765]	2022-05-15T00:00:00	2022-05-15	marine biome [ENVO:00000447]	marine benthic biome [ENVO:01000024]	sea water [ENVO:00002149]	1	https://dx.doi.org/10.17504/protocols.io.rm7vzjxrrlx1/v1	bottle	1000	mL	-80	Sucrose Lysis Buffer	NA	"Hakai Institute, Quadra Island ,BC Canada"	"Hakai Institute, Quadra Island ,BC Canada"	NA	Seawater samples were filtered through a 0.22 痠 PVDF Sterivex sterile filter capsule to capture eDNA and DNA-containing particulates using a peristaltic pump.	1	NA	0.1	L/min	NA	NA	0.2	NA	1000	PVDF	Sterivex SVGV010RS	NA	NA	NA	NA	NA	NA	NA	NA	NA	1000	mL	physical | chemical	column-based	https://doi.org/10.5281/zenodo.22893376	Zymo Research ZymoBIOMICS DNA Miniprep Kit	This protocol is used to extract genomic DNA from 0.22-um sterivex filters using Zymo Research ZymoBIOMICS DNA Miniprep Kit. Modifications from manufacturers protocol are described here: https://doi.org/10.5281/zenodo.22893376	0	NA	NA	ng/無	Qubit 2.0 Fluorometer (Invitrogen)	Pycno	Not Detected
CMIC628-3	sample	Hakai-Pycno-2025_CMIC628	CMIC628	NA	NA	-128.148814	51.657423	North East Pacific Ocean [GAZ:00013765]	2022-05-15T00:00:00	2022-05-15	marine biome [ENVO:00000447]	marine benthic biome [ENVO:01000024]	sea water [ENVO:00002149]	1	https://dx.doi.org/10.17504/protocols.io.rm7vzjxrrlx1/v1	bottle	1000	mL	-80	Sucrose Lysis Buffer	NA	"Hakai Institute, Quadra Island ,BC Canada"	"Hakai Institute, Quadra Island ,BC Canada"	NA	Seawater samples were filtered through a 0.22 痠 PVDF Sterivex sterile filter capsule to capture eDNA and DNA-containing particulates using a peristaltic pump.	1	NA	0.1	L/min	NA	NA	0.2	NA	1000	PVDF	Sterivex SVGV010RS	NA	NA	NA	NA	NA	NA	NA	NA	NA	1000	mL	physical | chemical	column-based	https://doi.org/10.5281/zenodo.22893376	Zymo Research ZymoBIOMICS DNA Miniprep Kit	This protocol is used to extract genomic DNA from 0.22-um sterivex filters using Zymo Research ZymoBIOMICS DNA Miniprep Kit. Modifications from manufacturers protocol are described here: https://doi.org/10.5281/zenodo.22893376	0	NA	NA	ng/無	Qubit 2.0 Fluorometer (Invitrogen)	Pycno	Detected
CMIC629-1	sample	Hakai-Pycno-2025_CMIC629	CMIC629	NA	NA	-128.1347	51.66508	North East Pacific Ocean [GAZ:00013765]	2022-05-17T00:00:00	2022-05-17	marine biome [ENVO:00000447]	marine benthic biome [ENVO:01000024]	sea water [ENVO:00002149]	1	https://dx.doi.org/10.17504/protocols.io.rm7vzjxrrlx1/v1	bottle	1000	mL	-80	Sucrose Lysis Buffer	NA	"Hakai Institute, Quadra Island ,BC Canada"	"Hakai Institute, Quadra Island ,BC Canada"	NA	Seawater samples were filtered through a 0.22 痠 PVDF Sterivex sterile filter capsule to capture eDNA and DNA-containing particulates using a peristaltic pump.	1	NA	0.1	L/min	NA	NA	0.2	NA	1000	PVDF	Sterivex SVGV010RS	NA	NA	NA	NA	NA	NA	NA	NA	NA	1000	mL	physical | chemical	column-based	https://doi.org/10.5281/zenodo.22893376	Zymo Research ZymoBIOMICS DNA Miniprep Kit	This protocol is used to extract genomic DNA from 0.22-um sterivex filters using Zymo Research ZymoBIOMICS DNA Miniprep Kit. Modifications from manufacturers protocol are described here: https://doi.org/10.5281/zenodo.22893376	0	NA	NA	ng/無	Qubit 2.0 Fluorometer (Invitrogen)	Pycno	Detected
CMIC629-2	sample	Hakai-Pycno-2025_CMIC629	CMIC629	NA	NA	-128.1347	51.66508	North East Pacific Ocean [GAZ:00013765]	2022-05-17T00:00:00	2022-05-17	marine biome [ENVO:00000447]	marine benthic biome [ENVO:01000024]	sea water [ENVO:00002149]	1	https://dx.doi.org/10.17504/protocols.io.rm7vzjxrrlx1/v1	bottle	1000	mL	-80	Sucrose Lysis Buffer	NA	"Hakai Institute, Quadra Island ,BC Canada"	"Hakai Institute, Quadra Island ,BC Canada"	NA	Seawater samples were filtered through a 0.22 痠 PVDF Sterivex sterile filter capsule to capture eDNA and DNA-containing particulates using a peristaltic pump.	1	NA	0.1	L/min	NA	NA	0.2	NA	1000	PVDF	Sterivex SVGV010RS	NA	NA	NA	NA	NA	NA	NA	NA	NA	1000	mL	physical | chemical	column-based	https://doi.org/10.5281/zenodo.22893376	Zymo Research ZymoBIOMICS DNA Miniprep Kit	This protocol is used to extract genomic DNA from 0.22-um sterivex filters using Zymo Research ZymoBIOMICS DNA Miniprep Kit. Modifications from manufacturers protocol are described here: https://doi.org/10.5281/zenodo.22893376	0	NA	NA	ng/無	Qubit 2.0 Fluorometer (Invitrogen)	Pycno	Detected
CMIC629-3	sample	Hakai-Pycno-2025_CMIC629	CMIC629	NA	NA	-128.1347	51.66508	North East Pacific Ocean [GAZ:00013765]	2022-05-17T00:00:00	2022-05-17	marine biome [ENVO:00000447]	marine benthic biome [ENVO:01000024]	sea water [ENVO:00002149]	1	https://dx.doi.org/10.17504/protocols.io.rm7vzjxrrlx1/v1	bottle	1000	mL	-80	Sucrose Lysis Buffer	NA	"Hakai Institute, Quadra Island ,BC Canada"	"Hakai Institute, Quadra Island ,BC Canada"	NA	Seawater samples were filtered through a 0.22 痠 PVDF Sterivex sterile filter capsule to capture eDNA and DNA-containing particulates using a peristaltic pump.	1	NA	0.1	L/min	NA	NA	0.2	NA	1000	PVDF	Sterivex SVGV010RS	NA	NA	NA	NA	NA	NA	NA	NA	NA	1000	mL	physical | chemical	column-based	https://doi.org/10.5281/zenodo.22893376	Zymo Research ZymoBIOMICS DNA Miniprep Kit	This protocol is used to extract genomic DNA from 0.22-um sterivex filters using Zymo Research ZymoBIOMICS DNA Miniprep Kit. Modifications from manufacturers protocol are described here: https://doi.org/10.5281/zenodo.22893376	0	NA	NA	ng/無	Qubit 2.0 Fluorometer (Invitrogen)	Pycno	Detected
CMIC630-1	sample	Hakai-Pycno-2025_CMIC630	CMIC630	NA	NA	-128.156779	51.64068	North East Pacific Ocean [GAZ:00013765]	2022-05-18T00:00:00	2022-05-18	marine biome [ENVO:00000447]	marine benthic biome [ENVO:01000024]	sea water [ENVO:00002149]	1	https://dx.doi.org/10.17504/protocols.io.rm7vzjxrrlx1/v1	bottle	1000	mL	-80	Sucrose Lysis Buffer	NA	"Hakai Institute, Quadra Island ,BC Canada"	"Hakai Institute, Quadra Island ,BC Canada"	NA	Seawater samples were filtered through a 0.22 痠 PVDF Sterivex sterile filter capsule to capture eDNA and DNA-containing particulates using a peristaltic pump.	1	NA	0.1	L/min	NA	NA	0.2	NA	1000	PVDF	Sterivex SVGV010RS	NA	NA	NA	NA	NA	NA	NA	NA	NA	1000	mL	physical | chemical	column-based	https://doi.org/10.5281/zenodo.22893376	Zymo Research ZymoBIOMICS DNA Miniprep Kit	This protocol is used to extract genomic DNA from 0.22-um sterivex filters using Zymo Research ZymoBIOMICS DNA Miniprep Kit. Modifications from manufacturers protocol are described here: https://doi.org/10.5281/zenodo.22893376	0	NA	NA	ng/無	Qubit 2.0 Fluorometer (Invitrogen)	Pycno	Not Detected
CMIC630-2	sample	Hakai-Pycno-2025_CMIC630	CMIC630	NA	NA	-128.156779	51.64068	North East Pacific Ocean [GAZ:00013765]	2022-05-18T00:00:00	2022-05-18	marine biome [ENVO:00000447]	marine benthic biome [ENVO:01000024]	sea water [ENVO:00002149]	1	https://dx.doi.org/10.17504/protocols.io.rm7vzjxrrlx1/v1	bottle	1000	mL	-80	Sucrose Lysis Buffer	NA	"Hakai Institute, Quadra Island ,BC Canada"	"Hakai Institute, Quadra Island ,BC Canada"	NA	Seawater samples were filtered through a 0.22 痠 PVDF Sterivex sterile filter capsule to capture eDNA and DNA-containing particulates using a peristaltic pump.	1	NA	0.1	L/min	NA	NA	0.2	NA	1000	PVDF	Sterivex SVGV010RS	NA	NA	NA	NA	NA	NA	NA	NA	NA	1000	mL	physical | chemical	column-based	https://doi.org/10.5281/zenodo.22893376	Zymo Research ZymoBIOMICS DNA Miniprep Kit	This protocol is used to extract genomic DNA from 0.22-um sterivex filters using Zymo Research ZymoBIOMICS DNA Miniprep Kit. Modifications from manufacturers protocol are described here: https://doi.org/10.5281/zenodo.22893376	0	NA	NA	ng/無	Qubit 2.0 Fluorometer (Invitrogen)	Pycno	Not Detected
CMIC630-3	sample	Hakai-Pycno-2025_CMIC630	CMIC630	NA	NA	-128.156779	51.64068	North East Pacific Ocean [GAZ:00013765]	2022-05-18T00:00:00	2022-05-18	marine biome [ENVO:00000447]	marine benthic biome [ENVO:01000024]	sea water [ENVO:00002149]	1	https://dx.doi.org/10.17504/protocols.io.rm7vzjxrrlx1/v1	bottle	1000	mL	-80	Sucrose Lysis Buffer	NA	"Hakai Institute, Quadra Island ,BC Canada"	"Hakai Institute, Quadra Island ,BC Canada"	NA	Seawater samples were filtered through a 0.22 痠 PVDF Sterivex sterile filter capsule to capture eDNA and DNA-containing particulates using a peristaltic pump.	1	NA	0.1	L/min	NA	NA	0.2	NA	1000	PVDF	Sterivex SVGV010RS	NA	NA	NA	NA	NA	NA	NA	NA	NA	1000	mL	physical | chemical	column-based	https://doi.org/10.5281/zenodo.22893376	Zymo Research ZymoBIOMICS DNA Miniprep Kit	This protocol is used to extract genomic DNA from 0.22-um sterivex filters using Zymo Research ZymoBIOMICS DNA Miniprep Kit. Modifications from manufacturers protocol are described here: https://doi.org/10.5281/zenodo.22893376	0	NA	NA	ng/無	Qubit 2.0 Fluorometer (Invitrogen)	Pycno	Detected
CMIC631-1	sample	Hakai-Pycno-2025_CMIC631	CMIC631	NA	NA	-128.1194543	51.67482341	North East Pacific Ocean [GAZ:00013765]	2022-05-21T00:00:00	2022-05-21	marine biome [ENVO:00000447]	marine benthic biome [ENVO:01000024]	sea water [ENVO:00002149]	1	https://dx.doi.org/10.17504/protocols.io.rm7vzjxrrlx1/v1	bottle	1000	mL	-80	Sucrose Lysis Buffer	NA	"Hakai Institute, Quadra Island ,BC Canada"	"Hakai Institute, Quadra Island ,BC Canada"	NA	Seawater samples were filtered through a 0.22 痠 PVDF Sterivex sterile filter capsule to capture eDNA and DNA-containing particulates using a peristaltic pump.	1	NA	0.1	L/min	NA	NA	0.2	NA	1000	PVDF	Sterivex SVGV010RS	NA	NA	NA	NA	NA	NA	NA	NA	NA	1000	mL	physical | chemical	column-based	https://doi.org/10.5281/zenodo.22893376	Zymo Research ZymoBIOMICS DNA Miniprep Kit	This protocol is used to extract genomic DNA from 0.22-um sterivex filters using Zymo Research ZymoBIOMICS DNA Miniprep Kit. Modifications from manufacturers protocol are described here: https://doi.org/10.5281/zenodo.22893376	0	NA	10.7	ng/無	Qubit 2.0 Fluorometer (Invitrogen)	Pycno	Detected
CMIC631-2	sample	Hakai-Pycno-2025_CMIC631	CMIC631	NA	NA	-128.1194543	51.67482341	North East Pacific Ocean [GAZ:00013765]	2022-05-21T00:00:00	2022-05-21	marine biome [ENVO:00000447]	marine benthic biome [ENVO:01000024]	sea water [ENVO:00002149]	1	https://dx.doi.org/10.17504/protocols.io.rm7vzjxrrlx1/v1	bottle	1000	mL	-80	Sucrose Lysis Buffer	NA	"Hakai Institute, Quadra Island ,BC Canada"	"Hakai Institute, Quadra Island ,BC Canada"	NA	Seawater samples were filtered through a 0.22 痠 PVDF Sterivex sterile filter capsule to capture eDNA and DNA-containing particulates using a peristaltic pump.	1	NA	0.1	L/min	NA	NA	0.2	NA	1000	PVDF	Sterivex SVGV010RS	NA	NA	NA	NA	NA	NA	NA	NA	NA	1000	mL	physical | chemical	column-based	https://doi.org/10.5281/zenodo.22893376	Zymo Research ZymoBIOMICS DNA Miniprep Kit	This protocol is used to extract genomic DNA from 0.22-um sterivex filters using Zymo Research ZymoBIOMICS DNA Miniprep Kit. Modifications from manufacturers protocol are described here: https://doi.org/10.5281/zenodo.22893376	0	NA	10.7	ng/無	Qubit 2.0 Fluorometer (Invitrogen)	Pycno	Detected
CMIC631-3	sample	Hakai-Pycno-2025_CMIC631	CMIC631	NA	NA	-128.1194543	51.67482341	North East Pacific Ocean [GAZ:00013765]	2022-05-21T00:00:00	2022-05-21	marine biome [ENVO:00000447]	marine benthic biome [ENVO:01000024]	sea water [ENVO:00002149]	1	https://dx.doi.org/10.17504/protocols.io.rm7vzjxrrlx1/v1	bottle	1000	mL	-80	Sucrose Lysis Buffer	NA	"Hakai Institute, Quadra Island ,BC Canada"	"Hakai Institute, Quadra Island ,BC Canada"	NA	Seawater samples were filtered through a 0.22 痠 PVDF Sterivex sterile filter capsule to capture eDNA and DNA-containing particulates using a peristaltic pump.	1	NA	0.1	L/min	NA	NA	0.2	NA	1000	PVDF	Sterivex SVGV010RS	NA	NA	NA	NA	NA	NA	NA	NA	NA	1000	mL	physical | chemical	column-based	https://doi.org/10.5281/zenodo.22893376	Zymo Research ZymoBIOMICS DNA Miniprep Kit	This protocol is used to extract genomic DNA from 0.22-um sterivex filters using Zymo Research ZymoBIOMICS DNA Miniprep Kit. Modifications from manufacturers protocol are described here: https://doi.org/10.5281/zenodo.22893376	0	NA	10.7	ng/無	Qubit 2.0 Fluorometer (Invitrogen)	Pycno	Detected
CMIC632-1	sample	Hakai-Pycno-2025_CMIC632	CMIC632	NA	NA	-127.88845	51.9258389	North East Pacific Ocean [GAZ:00013765]	2022-05-22T00:00:00	2022-05-22	marine biome [ENVO:00000447]	marine benthic biome [ENVO:01000024]	sea water [ENVO:00002149]	1	https://dx.doi.org/10.17504/protocols.io.rm7vzjxrrlx1/v1	bottle	1000	mL	-80	Sucrose Lysis Buffer	NA	"Hakai Institute, Quadra Island ,BC Canada"	"Hakai Institute, Quadra Island ,BC Canada"	NA	Seawater samples were filtered through a 0.22 痠 PVDF Sterivex sterile filter capsule to capture eDNA and DNA-containing particulates using a peristaltic pump.	1	NA	0.1	L/min	NA	NA	0.2	NA	1000	PVDF	Sterivex SVGV010RS	NA	NA	NA	NA	NA	NA	NA	NA	NA	1000	mL	physical | chemical	column-based	https://doi.org/10.5281/zenodo.22893376	Zymo Research ZymoBIOMICS DNA Miniprep Kit	This protocol is used to extract genomic DNA from 0.22-um sterivex filters using Zymo Research ZymoBIOMICS DNA Miniprep Kit. Modifications from manufacturers protocol are described here: https://doi.org/10.5281/zenodo.22893376	0	NA	20.3	ng/無	Qubit 2.0 Fluorometer (Invitrogen)	Pycno	Detected
CMIC632-2	sample	Hakai-Pycno-2025_CMIC632	CMIC632	NA	NA	-127.88845	51.9258389	North East Pacific Ocean [GAZ:00013765]	2022-05-22T00:00:00	2022-05-22	marine biome [ENVO:00000447]	marine benthic biome [ENVO:01000024]	sea water [ENVO:00002149]	1	https://dx.doi.org/10.17504/protocols.io.rm7vzjxrrlx1/v1	bottle	1000	mL	-80	Sucrose Lysis Buffer	NA	"Hakai Institute, Quadra Island ,BC Canada"	"Hakai Institute, Quadra Island ,BC Canada"	NA	Seawater samples were filtered through a 0.22 痠 PVDF Sterivex sterile filter capsule to capture eDNA and DNA-containing particulates using a peristaltic pump.	1	NA	0.1	L/min	NA	NA	0.2	NA	1000	PVDF	Sterivex SVGV010RS	NA	NA	NA	NA	NA	NA	NA	NA	NA	1000	mL	physical | chemical	column-based	https://doi.org/10.5281/zenodo.22893376	Zymo Research ZymoBIOMICS DNA Miniprep Kit	This protocol is used to extract genomic DNA from 0.22-um sterivex filters using Zymo Research ZymoBIOMICS DNA Miniprep Kit. Modifications from manufacturers protocol are described here: https://doi.org/10.5281/zenodo.22893376	0	NA	20.3	ng/無	Qubit 2.0 Fluorometer (Invitrogen)	Pycno	Detected
CMIC632-3	sample	Hakai-Pycno-2025_CMIC632	CMIC632	NA	NA	-127.88845	51.9258389	North East Pacific Ocean [GAZ:00013765]	2022-05-22T00:00:00	2022-05-22	marine biome [ENVO:00000447]	marine benthic biome [ENVO:01000024]	sea water [ENVO:00002149]	1	https://dx.doi.org/10.17504/protocols.io.rm7vzjxrrlx1/v1	bottle	1000	mL	-80	Sucrose Lysis Buffer	NA	"Hakai Institute, Quadra Island ,BC Canada"	"Hakai Institute, Quadra Island ,BC Canada"	NA	Seawater samples were filtered through a 0.22 痠 PVDF Sterivex sterile filter capsule to capture eDNA and DNA-containing particulates using a peristaltic pump.	1	NA	0.1	L/min	NA	NA	0.2	NA	1000	PVDF	Sterivex SVGV010RS	NA	NA	NA	NA	NA	NA	NA	NA	NA	1000	mL	physical | chemical	column-based	https://doi.org/10.5281/zenodo.22893376	Zymo Research ZymoBIOMICS DNA Miniprep Kit	This protocol is used to extract genomic DNA from 0.22-um sterivex filters using Zymo Research ZymoBIOMICS DNA Miniprep Kit. Modifications from manufacturers protocol are described here: https://doi.org/10.5281/zenodo.22893376	0	NA	20.3	ng/無	Qubit 2.0 Fluorometer (Invitrogen)	Pycno	Detected
CMIC633-1	sample	Hakai-Pycno-2025_CMIC633	CMIC633	NA	NA	-127.77545	51.9617544	North East Pacific Ocean [GAZ:00013765]	2022-05-22T00:00:00	2022-05-22	marine biome [ENVO:00000447]	marine benthic biome [ENVO:01000024]	sea water [ENVO:00002149]	1	https://dx.doi.org/10.17504/protocols.io.rm7vzjxrrlx1/v1	bottle	1000	mL	-80	Sucrose Lysis Buffer	NA	"Hakai Institute, Quadra Island ,BC Canada"	"Hakai Institute, Quadra Island ,BC Canada"	NA	Seawater samples were filtered through a 0.22 痠 PVDF Sterivex sterile filter capsule to capture eDNA and DNA-containing particulates using a peristaltic pump.	1	NA	0.1	L/min	NA	NA	0.2	NA	1000	PVDF	Sterivex SVGV010RS	NA	NA	NA	NA	NA	NA	NA	NA	NA	1000	mL	physical | chemical	column-based	https://doi.org/10.5281/zenodo.22893376	Zymo Research ZymoBIOMICS DNA Miniprep Kit	This protocol is used to extract genomic DNA from 0.22-um sterivex filters using Zymo Research ZymoBIOMICS DNA Miniprep Kit. Modifications from manufacturers protocol are described here: https://doi.org/10.5281/zenodo.22893376	0	NA	12.8	ng/無	Qubit 2.0 Fluorometer (Invitrogen)	Pycno	Detected
CMIC633-2	sample	Hakai-Pycno-2025_CMIC633	CMIC633	NA	NA	-127.77545	51.9617544	North East Pacific Ocean [GAZ:00013765]	2022-05-22T00:00:00	2022-05-22	marine biome [ENVO:00000447]	marine benthic biome [ENVO:01000024]	sea water [ENVO:00002149]	1	https://dx.doi.org/10.17504/protocols.io.rm7vzjxrrlx1/v1	bottle	1000	mL	-80	Sucrose Lysis Buffer	NA	"Hakai Institute, Quadra Island ,BC Canada"	"Hakai Institute, Quadra Island ,BC Canada"	NA	Seawater samples were filtered through a 0.22 痠 PVDF Sterivex sterile filter capsule to capture eDNA and DNA-containing particulates using a peristaltic pump.	1	NA	0.1	L/min	NA	NA	0.2	NA	1000	PVDF	Sterivex SVGV010RS	NA	NA	NA	NA	NA	NA	NA	NA	NA	1000	mL	physical | chemical	column-based	https://doi.org/10.5281/zenodo.22893376	Zymo Research ZymoBIOMICS DNA Miniprep Kit	This protocol is used to extract genomic DNA from 0.22-um sterivex filters using Zymo Research ZymoBIOMICS DNA Miniprep Kit. Modifications from manufacturers protocol are described here: https://doi.org/10.5281/zenodo.22893376	0	NA	12.8	ng/無	Qubit 2.0 Fluorometer (Invitrogen)	Pycno	Detected
CMIC633-3	sample	Hakai-Pycno-2025_CMIC633	CMIC633	NA	NA	-127.77545	51.9617544	North East Pacific Ocean [GAZ:00013765]	2022-05-22T00:00:00	2022-05-22	marine biome [ENVO:00000447]	marine benthic biome [ENVO:01000024]	sea water [ENVO:00002149]	1	https://dx.doi.org/10.17504/protocols.io.rm7vzjxrrlx1/v1	bottle	1000	mL	-80	Sucrose Lysis Buffer	NA	"Hakai Institute, Quadra Island ,BC Canada"	"Hakai Institute, Quadra Island ,BC Canada"	NA	Seawater samples were filtered through a 0.22 痠 PVDF Sterivex sterile filter capsule to capture eDNA and DNA-containing particulates using a peristaltic pump.	1	NA	0.1	L/min	NA	NA	0.2	NA	1000	PVDF	Sterivex SVGV010RS	NA	NA	NA	NA	NA	NA	NA	NA	NA	1000	mL	physical | chemical	column-based	https://doi.org/10.5281/zenodo.22893376	Zymo Research ZymoBIOMICS DNA Miniprep Kit	This protocol is used to extract genomic DNA from 0.22-um sterivex filters using Zymo Research ZymoBIOMICS DNA Miniprep Kit. Modifications from manufacturers protocol are described here: https://doi.org/10.5281/zenodo.22893376	0	NA	12.8	ng/無	Qubit 2.0 Fluorometer (Invitrogen)	Pycno	Detected
CMIC634-1	sample	Hakai-Pycno-2025_CMIC634	CMIC634	NA	NA	-127.71152	51.9652611	North East Pacific Ocean [GAZ:00013765]	2022-05-22T00:00:00	2022-05-22	marine biome [ENVO:00000447]	marine benthic biome [ENVO:01000024]	sea water [ENVO:00002149]	1	https://dx.doi.org/10.17504/protocols.io.rm7vzjxrrlx1/v1	bottle	1000	mL	-80	Sucrose Lysis Buffer	NA	"Hakai Institute, Quadra Island ,BC Canada"	"Hakai Institute, Quadra Island ,BC Canada"	NA	Seawater samples were filtered through a 0.22 痠 PVDF Sterivex sterile filter capsule to capture eDNA and DNA-containing particulates using a peristaltic pump.	1	NA	0.1	L/min	NA	NA	0.2	NA	1000	PVDF	Sterivex SVGV010RS	NA	NA	NA	NA	NA	NA	NA	NA	NA	1000	mL	physical | chemical	column-based	https://doi.org/10.5281/zenodo.22893376	Zymo Research ZymoBIOMICS DNA Miniprep Kit	This protocol is used to extract genomic DNA from 0.22-um sterivex filters using Zymo Research ZymoBIOMICS DNA Miniprep Kit. Modifications from manufacturers protocol are described here: https://doi.org/10.5281/zenodo.22893376	0	NA	9.45	ng/無	Qubit 2.0 Fluorometer (Invitrogen)	Pycno	Detected
CMIC634-2	sample	Hakai-Pycno-2025_CMIC634	CMIC634	NA	NA	-127.71152	51.9652611	North East Pacific Ocean [GAZ:00013765]	2022-05-22T00:00:00	2022-05-22	marine biome [ENVO:00000447]	marine benthic biome [ENVO:01000024]	sea water [ENVO:00002149]	1	https://dx.doi.org/10.17504/protocols.io.rm7vzjxrrlx1/v1	bottle	1000	mL	-80	Sucrose Lysis Buffer	NA	"Hakai Institute, Quadra Island ,BC Canada"	"Hakai Institute, Quadra Island ,BC Canada"	NA	Seawater samples were filtered through a 0.22 痠 PVDF Sterivex sterile filter capsule to capture eDNA and DNA-containing particulates using a peristaltic pump.	1	NA	0.1	L/min	NA	NA	0.2	NA	1000	PVDF	Sterivex SVGV010RS	NA	NA	NA	NA	NA	NA	NA	NA	NA	1000	mL	physical | chemical	column-based	https://doi.org/10.5281/zenodo.22893376	Zymo Research ZymoBIOMICS DNA Miniprep Kit	This protocol is used to extract genomic DNA from 0.22-um sterivex filters using Zymo Research ZymoBIOMICS DNA Miniprep Kit. Modifications from manufacturers protocol are described here: https://doi.org/10.5281/zenodo.22893376	0	NA	9.45	ng/無	Qubit 2.0 Fluorometer (Invitrogen)	Pycno	Detected
CMIC634-3	sample	Hakai-Pycno-2025_CMIC634	CMIC634	NA	NA	-127.71152	51.9652611	North East Pacific Ocean [GAZ:00013765]	2022-05-22T00:00:00	2022-05-22	marine biome [ENVO:00000447]	marine benthic biome [ENVO:01000024]	sea water [ENVO:00002149]	1	https://dx.doi.org/10.17504/protocols.io.rm7vzjxrrlx1/v1	bottle	1000	mL	-80	Sucrose Lysis Buffer	NA	"Hakai Institute, Quadra Island ,BC Canada"	"Hakai Institute, Quadra Island ,BC Canada"	NA	Seawater samples were filtered through a 0.22 痠 PVDF Sterivex sterile filter capsule to capture eDNA and DNA-containing particulates using a peristaltic pump.	1	NA	0.1	L/min	NA	NA	0.2	NA	1000	PVDF	Sterivex SVGV010RS	NA	NA	NA	NA	NA	NA	NA	NA	NA	1000	mL	physical | chemical	column-based	https://doi.org/10.5281/zenodo.22893376	Zymo Research ZymoBIOMICS DNA Miniprep Kit	This protocol is used to extract genomic DNA from 0.22-um sterivex filters using Zymo Research ZymoBIOMICS DNA Miniprep Kit. Modifications from manufacturers protocol are described here: https://doi.org/10.5281/zenodo.22893376	0	NA	9.45	ng/無	Qubit 2.0 Fluorometer (Invitrogen)	Pycno	Detected
CMIC635-1	sample	Hakai-Pycno-2025_CMIC635	CMIC635	NA	NA	-127.74103	51.9517062	North East Pacific Ocean [GAZ:00013765]	2022-05-22T00:00:00	2022-05-22	marine biome [ENVO:00000447]	marine benthic biome [ENVO:01000024]	sea water [ENVO:00002149]	1	https://dx.doi.org/10.17504/protocols.io.rm7vzjxrrlx1/v1	bottle	1000	mL	-80	Sucrose Lysis Buffer	NA	"Hakai Institute, Quadra Island ,BC Canada"	"Hakai Institute, Quadra Island ,BC Canada"	NA	Seawater samples were filtered through a 0.22 痠 PVDF Sterivex sterile filter capsule to capture eDNA and DNA-containing particulates using a peristaltic pump.	1	NA	0.1	L/min	NA	NA	0.2	NA	1000	PVDF	Sterivex SVGV010RS	NA	NA	NA	NA	NA	NA	NA	NA	NA	1000	mL	physical | chemical	column-based	https://doi.org/10.5281/zenodo.22893376	Zymo Research ZymoBIOMICS DNA Miniprep Kit	This protocol is used to extract genomic DNA from 0.22-um sterivex filters using Zymo Research ZymoBIOMICS DNA Miniprep Kit. Modifications from manufacturers protocol are described here: https://doi.org/10.5281/zenodo.22893376	0	NA	15.1	ng/無	Qubit 2.0 Fluorometer (Invitrogen)	Pycno	Detected
CMIC635-2	sample	Hakai-Pycno-2025_CMIC635	CMIC635	NA	NA	-127.74103	51.9517062	North East Pacific Ocean [GAZ:00013765]	2022-05-22T00:00:00	2022-05-22	marine biome [ENVO:00000447]	marine benthic biome [ENVO:01000024]	sea water [ENVO:00002149]	1	https://dx.doi.org/10.17504/protocols.io.rm7vzjxrrlx1/v1	bottle	1000	mL	-80	Sucrose Lysis Buffer	NA	"Hakai Institute, Quadra Island ,BC Canada"	"Hakai Institute, Quadra Island ,BC Canada"	NA	Seawater samples were filtered through a 0.22 痠 PVDF Sterivex sterile filter capsule to capture eDNA and DNA-containing particulates using a peristaltic pump.	1	NA	0.1	L/min	NA	NA	0.2	NA	1000	PVDF	Sterivex SVGV010RS	NA	NA	NA	NA	NA	NA	NA	NA	NA	1000	mL	physical | chemical	column-based	https://doi.org/10.5281/zenodo.22893376	Zymo Research ZymoBIOMICS DNA Miniprep Kit	This protocol is used to extract genomic DNA from 0.22-um sterivex filters using Zymo Research ZymoBIOMICS DNA Miniprep Kit. Modifications from manufacturers protocol are described here: https://doi.org/10.5281/zenodo.22893376	0	NA	15.1	ng/無	Qubit 2.0 Fluorometer (Invitrogen)	Pycno	Detected
CMIC635-3	sample	Hakai-Pycno-2025_CMIC635	CMIC635	NA	NA	-127.74103	51.9517062	North East Pacific Ocean [GAZ:00013765]	2022-05-22T00:00:00	2022-05-22	marine biome [ENVO:00000447]	marine benthic biome [ENVO:01000024]	sea water [ENVO:00002149]	1	https://dx.doi.org/10.17504/protocols.io.rm7vzjxrrlx1/v1	bottle	1000	mL	-80	Sucrose Lysis Buffer	NA	"Hakai Institute, Quadra Island ,BC Canada"	"Hakai Institute, Quadra Island ,BC Canada"	NA	Seawater samples were filtered through a 0.22 痠 PVDF Sterivex sterile filter capsule to capture eDNA and DNA-containing particulates using a peristaltic pump.	1	NA	0.1	L/min	NA	NA	0.2	NA	1000	PVDF	Sterivex SVGV010RS	NA	NA	NA	NA	NA	NA	NA	NA	NA	1000	mL	physical | chemical	column-based	https://doi.org/10.5281/zenodo.22893376	Zymo Research ZymoBIOMICS DNA Miniprep Kit	This protocol is used to extract genomic DNA from 0.22-um sterivex filters using Zymo Research ZymoBIOMICS DNA Miniprep Kit. Modifications from manufacturers protocol are described here: https://doi.org/10.5281/zenodo.22893376	0	NA	15.1	ng/無	Qubit 2.0 Fluorometer (Invitrogen)	Pycno	Detected
CMIC636-1	sample	Hakai-Pycno-2025_CMIC636	CMIC636	NA	NA	-127.3912655	51.65392208	North East Pacific Ocean [GAZ:00013765]	2022-05-23T00:00:00	2022-05-23	marine biome [ENVO:00000447]	marine benthic biome [ENVO:01000024]	sea water [ENVO:00002149]	1	https://dx.doi.org/10.17504/protocols.io.rm7vzjxrrlx1/v1	bottle	1000	mL	-80	Sucrose Lysis Buffer	NA	"Hakai Institute, Quadra Island ,BC Canada"	"Hakai Institute, Quadra Island ,BC Canada"	NA	Seawater samples were filtered through a 0.22 痠 PVDF Sterivex sterile filter capsule to capture eDNA and DNA-containing particulates using a peristaltic pump.	1	NA	0.1	L/min	NA	NA	0.2	NA	1000	PVDF	Sterivex SVGV010RS	NA	NA	NA	NA	NA	NA	NA	NA	NA	1000	mL	physical | chemical	column-based	https://doi.org/10.5281/zenodo.22893376	Zymo Research ZymoBIOMICS DNA Miniprep Kit	This protocol is used to extract genomic DNA from 0.22-um sterivex filters using Zymo Research ZymoBIOMICS DNA Miniprep Kit. Modifications from manufacturers protocol are described here: https://doi.org/10.5281/zenodo.22893376	0	NA	14.4	ng/無	Qubit 2.0 Fluorometer (Invitrogen)	Pycno	Detected
CMIC636-2	sample	Hakai-Pycno-2025_CMIC636	CMIC636	NA	NA	-127.3912655	51.65392208	North East Pacific Ocean [GAZ:00013765]	2022-05-23T00:00:00	2022-05-23	marine biome [ENVO:00000447]	marine benthic biome [ENVO:01000024]	sea water [ENVO:00002149]	1	https://dx.doi.org/10.17504/protocols.io.rm7vzjxrrlx1/v1	bottle	1000	mL	-80	Sucrose Lysis Buffer	NA	"Hakai Institute, Quadra Island ,BC Canada"	"Hakai Institute, Quadra Island ,BC Canada"	NA	Seawater samples were filtered through a 0.22 痠 PVDF Sterivex sterile filter capsule to capture eDNA and DNA-containing particulates using a peristaltic pump.	1	NA	0.1	L/min	NA	NA	0.2	NA	1000	PVDF	Sterivex SVGV010RS	NA	NA	NA	NA	NA	NA	NA	NA	NA	1000	mL	physical | chemical	column-based	https://doi.org/10.5281/zenodo.22893376	Zymo Research ZymoBIOMICS DNA Miniprep Kit	This protocol is used to extract genomic DNA from 0.22-um sterivex filters using Zymo Research ZymoBIOMICS DNA Miniprep Kit. Modifications from manufacturers protocol are described here: https://doi.org/10.5281/zenodo.22893376	0	NA	14.4	ng/無	Qubit 2.0 Fluorometer (Invitrogen)	Pycno	Detected
CMIC636-3	sample	Hakai-Pycno-2025_CMIC636	CMIC636	NA	NA	-127.3912655	51.65392208	North East Pacific Ocean [GAZ:00013765]	2022-05-23T00:00:00	2022-05-23	marine biome [ENVO:00000447]	marine benthic biome [ENVO:01000024]	sea water [ENVO:00002149]	1	https://dx.doi.org/10.17504/protocols.io.rm7vzjxrrlx1/v1	bottle	1000	mL	-80	Sucrose Lysis Buffer	NA	"Hakai Institute, Quadra Island ,BC Canada"	"Hakai Institute, Quadra Island ,BC Canada"	NA	Seawater samples were filtered through a 0.22 痠 PVDF Sterivex sterile filter capsule to capture eDNA and DNA-containing particulates using a peristaltic pump.	1	NA	0.1	L/min	NA	NA	0.2	NA	1000	PVDF	Sterivex SVGV010RS	NA	NA	NA	NA	NA	NA	NA	NA	NA	1000	mL	physical | chemical	column-based	https://doi.org/10.5281/zenodo.22893376	Zymo Research ZymoBIOMICS DNA Miniprep Kit	This protocol is used to extract genomic DNA from 0.22-um sterivex filters using Zymo Research ZymoBIOMICS DNA Miniprep Kit. Modifications from manufacturers protocol are described here: https://doi.org/10.5281/zenodo.22893376	0	NA	14.4	ng/無	Qubit 2.0 Fluorometer (Invitrogen)	Pycno	Detected
CMIC637-1	sample	Hakai-Pycno-2025_CMIC637	CMIC637	NA	NA	-128.156779	51.64068	North East Pacific Ocean [GAZ:00013765]	2022-05-18T00:00:00	2022-05-18	marine biome [ENVO:00000447]	marine benthic biome [ENVO:01000024]	sea water [ENVO:00002149]	1	https://dx.doi.org/10.17504/protocols.io.rm7vzjxrrlx1/v1	bottle	1000	mL	-80	Sucrose Lysis Buffer	NA	"Hakai Institute, Quadra Island ,BC Canada"	"Hakai Institute, Quadra Island ,BC Canada"	NA	Seawater samples were filtered through a 0.22 痠 PVDF Sterivex sterile filter capsule to capture eDNA and DNA-containing particulates using a peristaltic pump.	1	NA	0.1	L/min	NA	NA	0.2	NA	1000	PVDF	Sterivex SVGV010RS	NA	NA	NA	NA	NA	NA	NA	NA	NA	1000	mL	physical | chemical	column-based	https://doi.org/10.5281/zenodo.22893376	Zymo Research ZymoBIOMICS DNA Miniprep Kit	This protocol is used to extract genomic DNA from 0.22-um sterivex filters using Zymo Research ZymoBIOMICS DNA Miniprep Kit. Modifications from manufacturers protocol are described here: https://doi.org/10.5281/zenodo.22893376	0	NA	15.3	ng/無	Qubit 2.0 Fluorometer (Invitrogen)	Pycno	Detected
CMIC637-2	sample	Hakai-Pycno-2025_CMIC637	CMIC637	NA	NA	-128.156779	51.64068	North East Pacific Ocean [GAZ:00013765]	2022-05-18T00:00:00	2022-05-18	marine biome [ENVO:00000447]	marine benthic biome [ENVO:01000024]	sea water [ENVO:00002149]	1	https://dx.doi.org/10.17504/protocols.io.rm7vzjxrrlx1/v1	bottle	1000	mL	-80	Sucrose Lysis Buffer	NA	"Hakai Institute, Quadra Island ,BC Canada"	"Hakai Institute, Quadra Island ,BC Canada"	NA	Seawater samples were filtered through a 0.22 痠 PVDF Sterivex sterile filter capsule to capture eDNA and DNA-containing particulates using a peristaltic pump.	1	NA	0.1	L/min	NA	NA	0.2	NA	1000	PVDF	Sterivex SVGV010RS	NA	NA	NA	NA	NA	NA	NA	NA	NA	1000	mL	physical | chemical	column-based	https://doi.org/10.5281/zenodo.22893376	Zymo Research ZymoBIOMICS DNA Miniprep Kit	This protocol is used to extract genomic DNA from 0.22-um sterivex filters using Zymo Research ZymoBIOMICS DNA Miniprep Kit. Modifications from manufacturers protocol are described here: https://doi.org/10.5281/zenodo.22893376	0	NA	15.3	ng/無	Qubit 2.0 Fluorometer (Invitrogen)	Pycno	Detected
CMIC637-3	sample	Hakai-Pycno-2025_CMIC637	CMIC637	NA	NA	-128.156779	51.64068	North East Pacific Ocean [GAZ:00013765]	2022-05-18T00:00:00	2022-05-18	marine biome [ENVO:00000447]	marine benthic biome [ENVO:01000024]	sea water [ENVO:00002149]	1	https://dx.doi.org/10.17504/protocols.io.rm7vzjxrrlx1/v1	bottle	1000	mL	-80	Sucrose Lysis Buffer	NA	"Hakai Institute, Quadra Island ,BC Canada"	"Hakai Institute, Quadra Island ,BC Canada"	NA	Seawater samples were filtered through a 0.22 痠 PVDF Sterivex sterile filter capsule to capture eDNA and DNA-containing particulates using a peristaltic pump.	1	NA	0.1	L/min	NA	NA	0.2	NA	1000	PVDF	Sterivex SVGV010RS	NA	NA	NA	NA	NA	NA	NA	NA	NA	1000	mL	physical | chemical	column-based	https://doi.org/10.5281/zenodo.22893376	Zymo Research ZymoBIOMICS DNA Miniprep Kit	This protocol is used to extract genomic DNA from 0.22-um sterivex filters using Zymo Research ZymoBIOMICS DNA Miniprep Kit. Modifications from manufacturers protocol are described here: https://doi.org/10.5281/zenodo.22893376	0	NA	15.3	ng/無	Qubit 2.0 Fluorometer (Invitrogen)	Pycno	Detected
CMIC638-1	sample	Hakai-Pycno-2025_CMIC638	CMIC638	NA	NA	-127.5598	51.5396992	North East Pacific Ocean [GAZ:00013765]	2022-05-23T00:00:00	2022-05-23	marine biome [ENVO:00000447]	marine benthic biome [ENVO:01000024]	sea water [ENVO:00002149]	1	https://dx.doi.org/10.17504/protocols.io.rm7vzjxrrlx1/v1	bottle	1000	mL	-80	Sucrose Lysis Buffer	NA	"Hakai Institute, Quadra Island ,BC Canada"	"Hakai Institute, Quadra Island ,BC Canada"	NA	Seawater samples were filtered through a 0.22 痠 PVDF Sterivex sterile filter capsule to capture eDNA and DNA-containing particulates using a peristaltic pump.	1	NA	0.1	L/min	NA	NA	0.2	NA	1000	PVDF	Sterivex SVGV010RS	NA	NA	NA	NA	NA	NA	NA	NA	NA	1000	mL	physical | chemical	column-based	https://doi.org/10.5281/zenodo.22893376	Zymo Research ZymoBIOMICS DNA Miniprep Kit	This protocol is used to extract genomic DNA from 0.22-um sterivex filters using Zymo Research ZymoBIOMICS DNA Miniprep Kit. Modifications from manufacturers protocol are described here: https://doi.org/10.5281/zenodo.22893376	0	NA	8.53	ng/無	Qubit 2.0 Fluorometer (Invitrogen)	Pycno	Detected
CMIC638-2	sample	Hakai-Pycno-2025_CMIC638	CMIC638	NA	NA	-127.5598	51.5396992	North East Pacific Ocean [GAZ:00013765]	2022-05-23T00:00:00	2022-05-23	marine biome [ENVO:00000447]	marine benthic biome [ENVO:01000024]	sea water [ENVO:00002149]	1	https://dx.doi.org/10.17504/protocols.io.rm7vzjxrrlx1/v1	bottle	1000	mL	-80	Sucrose Lysis Buffer	NA	"Hakai Institute, Quadra Island ,BC Canada"	"Hakai Institute, Quadra Island ,BC Canada"	NA	Seawater samples were filtered through a 0.22 痠 PVDF Sterivex sterile filter capsule to capture eDNA and DNA-containing particulates using a peristaltic pump.	1	NA	0.1	L/min	NA	NA	0.2	NA	1000	PVDF	Sterivex SVGV010RS	NA	NA	NA	NA	NA	NA	NA	NA	NA	1000	mL	physical | chemical	column-based	https://doi.org/10.5281/zenodo.22893376	Zymo Research ZymoBIOMICS DNA Miniprep Kit	This protocol is used to extract genomic DNA from 0.22-um sterivex filters using Zymo Research ZymoBIOMICS DNA Miniprep Kit. Modifications from manufacturers protocol are described here: https://doi.org/10.5281/zenodo.22893376	0	NA	8.53	ng/無	Qubit 2.0 Fluorometer (Invitrogen)	Pycno	Detected
CMIC638-3	sample	Hakai-Pycno-2025_CMIC638	CMIC638	NA	NA	-127.5598	51.5396992	North East Pacific Ocean [GAZ:00013765]	2022-05-23T00:00:00	2022-05-23	marine biome [ENVO:00000447]	marine benthic biome [ENVO:01000024]	sea water [ENVO:00002149]	1	https://dx.doi.org/10.17504/protocols.io.rm7vzjxrrlx1/v1	bottle	1000	mL	-80	Sucrose Lysis Buffer	NA	"Hakai Institute, Quadra Island ,BC Canada"	"Hakai Institute, Quadra Island ,BC Canada"	NA	Seawater samples were filtered through a 0.22 痠 PVDF Sterivex sterile filter capsule to capture eDNA and DNA-containing particulates using a peristaltic pump.	1	NA	0.1	L/min	NA	NA	0.2	NA	1000	PVDF	Sterivex SVGV010RS	NA	NA	NA	NA	NA	NA	NA	NA	NA	1000	mL	physical | chemical	column-based	https://doi.org/10.5281/zenodo.22893376	Zymo Research ZymoBIOMICS DNA Miniprep Kit	This protocol is used to extract genomic DNA from 0.22-um sterivex filters using Zymo Research ZymoBIOMICS DNA Miniprep Kit. Modifications from manufacturers protocol are described here: https://doi.org/10.5281/zenodo.22893376	0	NA	8.53	ng/無	Qubit 2.0 Fluorometer (Invitrogen)	Pycno	Detected
CMIC639-1	sample	Hakai-Pycno-2025_CMIC639	CMIC639	NA	NA	-128.1347	51.66508	North East Pacific Ocean [GAZ:00013765]	2022-06-13T00:00:00	2022-06-13	marine biome [ENVO:00000447]	marine benthic biome [ENVO:01000024]	sea water [ENVO:00002149]	1	https://dx.doi.org/10.17504/protocols.io.rm7vzjxrrlx1/v1	bottle	1000	mL	-80	Sucrose Lysis Buffer	NA	"Hakai Institute, Quadra Island ,BC Canada"	"Hakai Institute, Quadra Island ,BC Canada"	NA	Seawater samples were filtered through a 0.22 痠 PVDF Sterivex sterile filter capsule to capture eDNA and DNA-containing particulates using a peristaltic pump.	1	NA	0.1	L/min	NA	NA	0.2	NA	1000	PVDF	Sterivex SVGV010RS	NA	NA	NA	NA	NA	NA	NA	NA	NA	1000	mL	physical | chemical	column-based	https://doi.org/10.5281/zenodo.22893376	Zymo Research ZymoBIOMICS DNA Miniprep Kit	This protocol is used to extract genomic DNA from 0.22-um sterivex filters using Zymo Research ZymoBIOMICS DNA Miniprep Kit. Modifications from manufacturers protocol are described here: https://doi.org/10.5281/zenodo.22893376	0	NA	NA	ng/無	Qubit 2.0 Fluorometer (Invitrogen)	Pycno	Detected
CMIC639-2	sample	Hakai-Pycno-2025_CMIC639	CMIC639	NA	NA	-128.1347	51.66508	North East Pacific Ocean [GAZ:00013765]	2022-06-13T00:00:00	2022-06-13	marine biome [ENVO:00000447]	marine benthic biome [ENVO:01000024]	sea water [ENVO:00002149]	1	https://dx.doi.org/10.17504/protocols.io.rm7vzjxrrlx1/v1	bottle	1000	mL	-80	Sucrose Lysis Buffer	NA	"Hakai Institute, Quadra Island ,BC Canada"	"Hakai Institute, Quadra Island ,BC Canada"	NA	Seawater samples were filtered through a 0.22 痠 PVDF Sterivex sterile filter capsule to capture eDNA and DNA-containing particulates using a peristaltic pump.	1	NA	0.1	L/min	NA	NA	0.2	NA	1000	PVDF	Sterivex SVGV010RS	NA	NA	NA	NA	NA	NA	NA	NA	NA	1000	mL	physical | chemical	column-based	https://doi.org/10.5281/zenodo.22893376	Zymo Research ZymoBIOMICS DNA Miniprep Kit	This protocol is used to extract genomic DNA from 0.22-um sterivex filters using Zymo Research ZymoBIOMICS DNA Miniprep Kit. Modifications from manufacturers protocol are described here: https://doi.org/10.5281/zenodo.22893376	0	NA	NA	ng/無	Qubit 2.0 Fluorometer (Invitrogen)	Pycno	Not Detected
CMIC639-3	sample	Hakai-Pycno-2025_CMIC639	CMIC639	NA	NA	-128.1347	51.66508	North East Pacific Ocean [GAZ:00013765]	2022-06-13T00:00:00	2022-06-13	marine biome [ENVO:00000447]	marine benthic biome [ENVO:01000024]	sea water [ENVO:00002149]	1	https://dx.doi.org/10.17504/protocols.io.rm7vzjxrrlx1/v1	bottle	1000	mL	-80	Sucrose Lysis Buffer	NA	"Hakai Institute, Quadra Island ,BC Canada"	"Hakai Institute, Quadra Island ,BC Canada"	NA	Seawater samples were filtered through a 0.22 痠 PVDF Sterivex sterile filter capsule to capture eDNA and DNA-containing particulates using a peristaltic pump.	1	NA	0.1	L/min	NA	NA	0.2	NA	1000	PVDF	Sterivex SVGV010RS	NA	NA	NA	NA	NA	NA	NA	NA	NA	1000	mL	physical | chemical	column-based	https://doi.org/10.5281/zenodo.22893376	Zymo Research ZymoBIOMICS DNA Miniprep Kit	This protocol is used to extract genomic DNA from 0.22-um sterivex filters using Zymo Research ZymoBIOMICS DNA Miniprep Kit. Modifications from manufacturers protocol are described here: https://doi.org/10.5281/zenodo.22893376	0	NA	NA	ng/無	Qubit 2.0 Fluorometer (Invitrogen)	Pycno	Not Detected
CMIC640-1	sample	Hakai-Pycno-2025_CMIC640	CMIC640	NA	NA	-128.148814	51.657423	North East Pacific Ocean [GAZ:00013765]	2022-06-14T00:00:00	2022-06-14	marine biome [ENVO:00000447]	marine benthic biome [ENVO:01000024]	sea water [ENVO:00002149]	1	https://dx.doi.org/10.17504/protocols.io.rm7vzjxrrlx1/v1	bottle	1000	mL	-80	Sucrose Lysis Buffer	NA	"Hakai Institute, Quadra Island ,BC Canada"	"Hakai Institute, Quadra Island ,BC Canada"	NA	Seawater samples were filtered through a 0.22 痠 PVDF Sterivex sterile filter capsule to capture eDNA and DNA-containing particulates using a peristaltic pump.	1	NA	0.1	L/min	NA	NA	0.2	NA	1000	PVDF	Sterivex SVGV010RS	NA	NA	NA	NA	NA	NA	NA	NA	NA	1000	mL	physical | chemical	column-based	https://doi.org/10.5281/zenodo.22893376	Zymo Research ZymoBIOMICS DNA Miniprep Kit	This protocol is used to extract genomic DNA from 0.22-um sterivex filters using Zymo Research ZymoBIOMICS DNA Miniprep Kit. Modifications from manufacturers protocol are described here: https://doi.org/10.5281/zenodo.22893376	0	NA	31.8	ng/無	Qubit 2.0 Fluorometer (Invitrogen)	Pycno	Not Detected
CMIC640-2	sample	Hakai-Pycno-2025_CMIC640	CMIC640	NA	NA	-128.148814	51.657423	North East Pacific Ocean [GAZ:00013765]	2022-06-14T00:00:00	2022-06-14	marine biome [ENVO:00000447]	marine benthic biome [ENVO:01000024]	sea water [ENVO:00002149]	1	https://dx.doi.org/10.17504/protocols.io.rm7vzjxrrlx1/v1	bottle	1000	mL	-80	Sucrose Lysis Buffer	NA	"Hakai Institute, Quadra Island ,BC Canada"	"Hakai Institute, Quadra Island ,BC Canada"	NA	Seawater samples were filtered through a 0.22 痠 PVDF Sterivex sterile filter capsule to capture eDNA and DNA-containing particulates using a peristaltic pump.	1	NA	0.1	L/min	NA	NA	0.2	NA	1000	PVDF	Sterivex SVGV010RS	NA	NA	NA	NA	NA	NA	NA	NA	NA	1000	mL	physical | chemical	column-based	https://doi.org/10.5281/zenodo.22893376	Zymo Research ZymoBIOMICS DNA Miniprep Kit	This protocol is used to extract genomic DNA from 0.22-um sterivex filters using Zymo Research ZymoBIOMICS DNA Miniprep Kit. Modifications from manufacturers protocol are described here: https://doi.org/10.5281/zenodo.22893376	0	NA	31.8	ng/無	Qubit 2.0 Fluorometer (Invitrogen)	Pycno	Not Detected
CMIC640-3	sample	Hakai-Pycno-2025_CMIC640	CMIC640	NA	NA	-128.148814	51.657423	North East Pacific Ocean [GAZ:00013765]	2022-06-14T00:00:00	2022-06-14	marine biome [ENVO:00000447]	marine benthic biome [ENVO:01000024]	sea water [ENVO:00002149]	1	https://dx.doi.org/10.17504/protocols.io.rm7vzjxrrlx1/v1	bottle	1000	mL	-80	Sucrose Lysis Buffer	NA	"Hakai Institute, Quadra Island ,BC Canada"	"Hakai Institute, Quadra Island ,BC Canada"	NA	Seawater samples were filtered through a 0.22 痠 PVDF Sterivex sterile filter capsule to capture eDNA and DNA-containing particulates using a peristaltic pump.	1	NA	0.1	L/min	NA	NA	0.2	NA	1000	PVDF	Sterivex SVGV010RS	NA	NA	NA	NA	NA	NA	NA	NA	NA	1000	mL	physical | chemical	column-based	https://doi.org/10.5281/zenodo.22893376	Zymo Research ZymoBIOMICS DNA Miniprep Kit	This protocol is used to extract genomic DNA from 0.22-um sterivex filters using Zymo Research ZymoBIOMICS DNA Miniprep Kit. Modifications from manufacturers protocol are described here: https://doi.org/10.5281/zenodo.22893376	0	NA	31.8	ng/無	Qubit 2.0 Fluorometer (Invitrogen)	Pycno	Detected
CMIC772-1	sample	Hakai-Pycno-2025_CMIC772	CMIC772	NA	NA	-128.156779	51.64068	North East Pacific Ocean [GAZ:00013765]	2022-06-15T00:00:00	2022-06-15	marine biome [ENVO:00000447]	marine benthic biome [ENVO:01000024]	sea water [ENVO:00002149]	1	https://dx.doi.org/10.17504/protocols.io.rm7vzjxrrlx1/v1	bottle	1000	mL	-80	Sucrose Lysis Buffer	NA	"Hakai Institute, Quadra Island ,BC Canada"	"Hakai Institute, Quadra Island ,BC Canada"	NA	Seawater samples were filtered through a 0.22 痠 PVDF Sterivex sterile filter capsule to capture eDNA and DNA-containing particulates using a peristaltic pump.	1	NA	0.1	L/min	NA	NA	0.2	NA	1000	PVDF	Sterivex SVGV010RS	NA	NA	NA	NA	NA	NA	NA	NA	NA	1000	mL	physical | chemical	column-based	https://doi.org/10.5281/zenodo.22893376	Zymo Research ZymoBIOMICS DNA Miniprep Kit	This protocol is used to extract genomic DNA from 0.22-um sterivex filters using Zymo Research ZymoBIOMICS DNA Miniprep Kit. Modifications from manufacturers protocol are described here: https://doi.org/10.5281/zenodo.22893376	0	NA	NA	ng/無	Qubit 2.0 Fluorometer (Invitrogen)	Pycno	Detected
CMIC772-2	sample	Hakai-Pycno-2025_CMIC772	CMIC772	NA	NA	-128.156779	51.64068	North East Pacific Ocean [GAZ:00013765]	2022-06-15T00:00:00	2022-06-15	marine biome [ENVO:00000447]	marine benthic biome [ENVO:01000024]	sea water [ENVO:00002149]	1	https://dx.doi.org/10.17504/protocols.io.rm7vzjxrrlx1/v1	bottle	1000	mL	-80	Sucrose Lysis Buffer	NA	"Hakai Institute, Quadra Island ,BC Canada"	"Hakai Institute, Quadra Island ,BC Canada"	NA	Seawater samples were filtered through a 0.22 痠 PVDF Sterivex sterile filter capsule to capture eDNA and DNA-containing particulates using a peristaltic pump.	1	NA	0.1	L/min	NA	NA	0.2	NA	1000	PVDF	Sterivex SVGV010RS	NA	NA	NA	NA	NA	NA	NA	NA	NA	1000	mL	physical | chemical	column-based	https://doi.org/10.5281/zenodo.22893376	Zymo Research ZymoBIOMICS DNA Miniprep Kit	This protocol is used to extract genomic DNA from 0.22-um sterivex filters using Zymo Research ZymoBIOMICS DNA Miniprep Kit. Modifications from manufacturers protocol are described here: https://doi.org/10.5281/zenodo.22893376	0	NA	NA	ng/無	Qubit 2.0 Fluorometer (Invitrogen)	Pycno	Detected
CMIC772-3	sample	Hakai-Pycno-2025_CMIC772	CMIC772	NA	NA	-128.156779	51.64068	North East Pacific Ocean [GAZ:00013765]	2022-06-15T00:00:00	2022-06-15	marine biome [ENVO:00000447]	marine benthic biome [ENVO:01000024]	sea water [ENVO:00002149]	1	https://dx.doi.org/10.17504/protocols.io.rm7vzjxrrlx1/v1	bottle	1000	mL	-80	Sucrose Lysis Buffer	NA	"Hakai Institute, Quadra Island ,BC Canada"	"Hakai Institute, Quadra Island ,BC Canada"	NA	Seawater samples were filtered through a 0.22 痠 PVDF Sterivex sterile filter capsule to capture eDNA and DNA-containing particulates using a peristaltic pump.	1	NA	0.1	L/min	NA	NA	0.2	NA	1000	PVDF	Sterivex SVGV010RS	NA	NA	NA	NA	NA	NA	NA	NA	NA	1000	mL	physical | chemical	column-based	https://doi.org/10.5281/zenodo.22893376	Zymo Research ZymoBIOMICS DNA Miniprep Kit	This protocol is used to extract genomic DNA from 0.22-um sterivex filters using Zymo Research ZymoBIOMICS DNA Miniprep Kit. Modifications from manufacturers protocol are described here: https://doi.org/10.5281/zenodo.22893376	0	NA	NA	ng/無	Qubit 2.0 Fluorometer (Invitrogen)	Pycno	Detected
CMIC773-1	sample	Hakai-Pycno-2025_CMIC773	CMIC773	NA	NA	-127.3912655	51.65392208	North East Pacific Ocean [GAZ:00013765]	2022-08-18T00:00:00	2022-08-18	marine biome [ENVO:00000447]	marine benthic biome [ENVO:01000024]	sea water [ENVO:00002149]	1	https://dx.doi.org/10.17504/protocols.io.rm7vzjxrrlx1/v1	bottle	1000	mL	-80	Sucrose Lysis Buffer	NA	"Hakai Institute, Quadra Island ,BC Canada"	"Hakai Institute, Quadra Island ,BC Canada"	NA	Seawater samples were filtered through a 0.22 痠 PVDF Sterivex sterile filter capsule to capture eDNA and DNA-containing particulates using a peristaltic pump.	1	NA	0.1	L/min	NA	NA	0.2	NA	1000	PVDF	Sterivex SVGV010RS	NA	NA	NA	NA	NA	NA	NA	NA	NA	1000	mL	physical | chemical	column-based	https://doi.org/10.5281/zenodo.22893376	Zymo Research ZymoBIOMICS DNA Miniprep Kit	This protocol is used to extract genomic DNA from 0.22-um sterivex filters using Zymo Research ZymoBIOMICS DNA Miniprep Kit. Modifications from manufacturers protocol are described here: https://doi.org/10.5281/zenodo.22893376	0	NA	15.9	ng/無	Qubit 2.0 Fluorometer (Invitrogen)	Pycno	Detected
CMIC773-2	sample	Hakai-Pycno-2025_CMIC773	CMIC773	NA	NA	-127.3912655	51.65392208	North East Pacific Ocean [GAZ:00013765]	2022-08-18T00:00:00	2022-08-18	marine biome [ENVO:00000447]	marine benthic biome [ENVO:01000024]	sea water [ENVO:00002149]	1	https://dx.doi.org/10.17504/protocols.io.rm7vzjxrrlx1/v1	bottle	1000	mL	-80	Sucrose Lysis Buffer	NA	"Hakai Institute, Quadra Island ,BC Canada"	"Hakai Institute, Quadra Island ,BC Canada"	NA	Seawater samples were filtered through a 0.22 痠 PVDF Sterivex sterile filter capsule to capture eDNA and DNA-containing particulates using a peristaltic pump.	1	NA	0.1	L/min	NA	NA	0.2	NA	1000	PVDF	Sterivex SVGV010RS	NA	NA	NA	NA	NA	NA	NA	NA	NA	1000	mL	physical | chemical	column-based	https://doi.org/10.5281/zenodo.22893376	Zymo Research ZymoBIOMICS DNA Miniprep Kit	This protocol is used to extract genomic DNA from 0.22-um sterivex filters using Zymo Research ZymoBIOMICS DNA Miniprep Kit. Modifications from manufacturers protocol are described here: https://doi.org/10.5281/zenodo.22893376	0	NA	15.9	ng/無	Qubit 2.0 Fluorometer (Invitrogen)	Pycno	Detected
CMIC773-3	sample	Hakai-Pycno-2025_CMIC773	CMIC773	NA	NA	-127.3912655	51.65392208	North East Pacific Ocean [GAZ:00013765]	2022-08-18T00:00:00	2022-08-18	marine biome [ENVO:00000447]	marine benthic biome [ENVO:01000024]	sea water [ENVO:00002149]	1	https://dx.doi.org/10.17504/protocols.io.rm7vzjxrrlx1/v1	bottle	1000	mL	-80	Sucrose Lysis Buffer	NA	"Hakai Institute, Quadra Island ,BC Canada"	"Hakai Institute, Quadra Island ,BC Canada"	NA	Seawater samples were filtered through a 0.22 痠 PVDF Sterivex sterile filter capsule to capture eDNA and DNA-containing particulates using a peristaltic pump.	1	NA	0.1	L/min	NA	NA	0.2	NA	1000	PVDF	Sterivex SVGV010RS	NA	NA	NA	NA	NA	NA	NA	NA	NA	1000	mL	physical | chemical	column-based	https://doi.org/10.5281/zenodo.22893376	Zymo Research ZymoBIOMICS DNA Miniprep Kit	This protocol is used to extract genomic DNA from 0.22-um sterivex filters using Zymo Research ZymoBIOMICS DNA Miniprep Kit. Modifications from manufacturers protocol are described here: https://doi.org/10.5281/zenodo.22893376	0	NA	15.9	ng/無	Qubit 2.0 Fluorometer (Invitrogen)	Pycno	Detected
CMIC774-1	sample	Hakai-Pycno-2025_CMIC774	CMIC774	NA	NA	-127.5598	51.5396992	North East Pacific Ocean [GAZ:00013765]	2022-08-18T00:00:00	2022-08-18	marine biome [ENVO:00000447]	marine benthic biome [ENVO:01000024]	sea water [ENVO:00002149]	1	https://dx.doi.org/10.17504/protocols.io.rm7vzjxrrlx1/v1	bottle	1000	mL	-80	Sucrose Lysis Buffer	NA	"Hakai Institute, Quadra Island ,BC Canada"	"Hakai Institute, Quadra Island ,BC Canada"	NA	Seawater samples were filtered through a 0.22 痠 PVDF Sterivex sterile filter capsule to capture eDNA and DNA-containing particulates using a peristaltic pump.	1	NA	0.1	L/min	NA	NA	0.2	NA	1000	PVDF	Sterivex SVGV010RS	NA	NA	NA	NA	NA	NA	NA	NA	NA	1000	mL	physical | chemical	column-based	https://doi.org/10.5281/zenodo.22893376	Zymo Research ZymoBIOMICS DNA Miniprep Kit	This protocol is used to extract genomic DNA from 0.22-um sterivex filters using Zymo Research ZymoBIOMICS DNA Miniprep Kit. Modifications from manufacturers protocol are described here: https://doi.org/10.5281/zenodo.22893376	0	NA	13.7	ng/無	Qubit 2.0 Fluorometer (Invitrogen)	Pycno	Detected
CMIC774-2	sample	Hakai-Pycno-2025_CMIC774	CMIC774	NA	NA	-127.5598	51.5396992	North East Pacific Ocean [GAZ:00013765]	2022-08-18T00:00:00	2022-08-18	marine biome [ENVO:00000447]	marine benthic biome [ENVO:01000024]	sea water [ENVO:00002149]	1	https://dx.doi.org/10.17504/protocols.io.rm7vzjxrrlx1/v1	bottle	1000	mL	-80	Sucrose Lysis Buffer	NA	"Hakai Institute, Quadra Island ,BC Canada"	"Hakai Institute, Quadra Island ,BC Canada"	NA	Seawater samples were filtered through a 0.22 痠 PVDF Sterivex sterile filter capsule to capture eDNA and DNA-containing particulates using a peristaltic pump.	1	NA	0.1	L/min	NA	NA	0.2	NA	1000	PVDF	Sterivex SVGV010RS	NA	NA	NA	NA	NA	NA	NA	NA	NA	1000	mL	physical | chemical	column-based	https://doi.org/10.5281/zenodo.22893376	Zymo Research ZymoBIOMICS DNA Miniprep Kit	This protocol is used to extract genomic DNA from 0.22-um sterivex filters using Zymo Research ZymoBIOMICS DNA Miniprep Kit. Modifications from manufacturers protocol are described here: https://doi.org/10.5281/zenodo.22893376	0	NA	13.7	ng/無	Qubit 2.0 Fluorometer (Invitrogen)	Pycno	Detected
CMIC774-3	sample	Hakai-Pycno-2025_CMIC774	CMIC774	NA	NA	-127.5598	51.5396992	North East Pacific Ocean [GAZ:00013765]	2022-08-18T00:00:00	2022-08-18	marine biome [ENVO:00000447]	marine benthic biome [ENVO:01000024]	sea water [ENVO:00002149]	1	https://dx.doi.org/10.17504/protocols.io.rm7vzjxrrlx1/v1	bottle	1000	mL	-80	Sucrose Lysis Buffer	NA	"Hakai Institute, Quadra Island ,BC Canada"	"Hakai Institute, Quadra Island ,BC Canada"	NA	Seawater samples were filtered through a 0.22 痠 PVDF Sterivex sterile filter capsule to capture eDNA and DNA-containing particulates using a peristaltic pump.	1	NA	0.1	L/min	NA	NA	0.2	NA	1000	PVDF	Sterivex SVGV010RS	NA	NA	NA	NA	NA	NA	NA	NA	NA	1000	mL	physical | chemical	column-based	https://doi.org/10.5281/zenodo.22893376	Zymo Research ZymoBIOMICS DNA Miniprep Kit	This protocol is used to extract genomic DNA from 0.22-um sterivex filters using Zymo Research ZymoBIOMICS DNA Miniprep Kit. Modifications from manufacturers protocol are described here: https://doi.org/10.5281/zenodo.22893376	0	NA	13.7	ng/無	Qubit 2.0 Fluorometer (Invitrogen)	Pycno	Detected
CMIC775-1	sample	Hakai-Pycno-2025_CMIC775	CMIC775	NA	NA	-127.43015	51.7700497	North East Pacific Ocean [GAZ:00013765]	2022-08-18T00:00:00	2022-08-18	marine biome [ENVO:00000447]	marine benthic biome [ENVO:01000024]	sea water [ENVO:00002149]	1	https://dx.doi.org/10.17504/protocols.io.rm7vzjxrrlx1/v1	bottle	1000	mL	-80	Sucrose Lysis Buffer	NA	"Hakai Institute, Quadra Island ,BC Canada"	"Hakai Institute, Quadra Island ,BC Canada"	NA	Seawater samples were filtered through a 0.22 痠 PVDF Sterivex sterile filter capsule to capture eDNA and DNA-containing particulates using a peristaltic pump.	1	NA	0.1	L/min	NA	NA	0.2	NA	1000	PVDF	Sterivex SVGV010RS	NA	NA	NA	NA	NA	NA	NA	NA	NA	1000	mL	physical | chemical	column-based	https://doi.org/10.5281/zenodo.22893376	Zymo Research ZymoBIOMICS DNA Miniprep Kit	This protocol is used to extract genomic DNA from 0.22-um sterivex filters using Zymo Research ZymoBIOMICS DNA Miniprep Kit. Modifications from manufacturers protocol are described here: https://doi.org/10.5281/zenodo.22893376	0	NA	3.65	ng/無	Qubit 2.0 Fluorometer (Invitrogen)	Pycno	Detected
CMIC775-2	sample	Hakai-Pycno-2025_CMIC775	CMIC775	NA	NA	-127.43015	51.7700497	North East Pacific Ocean [GAZ:00013765]	2022-08-18T00:00:00	2022-08-18	marine biome [ENVO:00000447]	marine benthic biome [ENVO:01000024]	sea water [ENVO:00002149]	1	https://dx.doi.org/10.17504/protocols.io.rm7vzjxrrlx1/v1	bottle	1000	mL	-80	Sucrose Lysis Buffer	NA	"Hakai Institute, Quadra Island ,BC Canada"	"Hakai Institute, Quadra Island ,BC Canada"	NA	Seawater samples were filtered through a 0.22 痠 PVDF Sterivex sterile filter capsule to capture eDNA and DNA-containing particulates using a peristaltic pump.	1	NA	0.1	L/min	NA	NA	0.2	NA	1000	PVDF	Sterivex SVGV010RS	NA	NA	NA	NA	NA	NA	NA	NA	NA	1000	mL	physical | chemical	column-based	https://doi.org/10.5281/zenodo.22893376	Zymo Research ZymoBIOMICS DNA Miniprep Kit	This protocol is used to extract genomic DNA from 0.22-um sterivex filters using Zymo Research ZymoBIOMICS DNA Miniprep Kit. Modifications from manufacturers protocol are described here: https://doi.org/10.5281/zenodo.22893376	0	NA	3.65	ng/無	Qubit 2.0 Fluorometer (Invitrogen)	Pycno	Detected
CMIC775-3	sample	Hakai-Pycno-2025_CMIC775	CMIC775	NA	NA	-127.43015	51.7700497	North East Pacific Ocean [GAZ:00013765]	2022-08-18T00:00:00	2022-08-18	marine biome [ENVO:00000447]	marine benthic biome [ENVO:01000024]	sea water [ENVO:00002149]	1	https://dx.doi.org/10.17504/protocols.io.rm7vzjxrrlx1/v1	bottle	1000	mL	-80	Sucrose Lysis Buffer	NA	"Hakai Institute, Quadra Island ,BC Canada"	"Hakai Institute, Quadra Island ,BC Canada"	NA	Seawater samples were filtered through a 0.22 痠 PVDF Sterivex sterile filter capsule to capture eDNA and DNA-containing particulates using a peristaltic pump.	1	NA	0.1	L/min	NA	NA	0.2	NA	1000	PVDF	Sterivex SVGV010RS	NA	NA	NA	NA	NA	NA	NA	NA	NA	1000	mL	physical | chemical	column-based	https://doi.org/10.5281/zenodo.22893376	Zymo Research ZymoBIOMICS DNA Miniprep Kit	This protocol is used to extract genomic DNA from 0.22-um sterivex filters using Zymo Research ZymoBIOMICS DNA Miniprep Kit. Modifications from manufacturers protocol are described here: https://doi.org/10.5281/zenodo.22893376	0	NA	3.65	ng/無	Qubit 2.0 Fluorometer (Invitrogen)	Pycno	Detected
CMIC776-1	sample	Hakai-Pycno-2025_CMIC776	CMIC776	NA	NA	-128.0512092	51.81054507	North East Pacific Ocean [GAZ:00013765]	2022-08-20T00:00:00	2022-08-20	marine biome [ENVO:00000447]	marine benthic biome [ENVO:01000024]	sea water [ENVO:00002149]	1	https://dx.doi.org/10.17504/protocols.io.rm7vzjxrrlx1/v1	bottle	1000	mL	-80	Sucrose Lysis Buffer	NA	"Hakai Institute, Quadra Island ,BC Canada"	"Hakai Institute, Quadra Island ,BC Canada"	NA	Seawater samples were filtered through a 0.22 痠 PVDF Sterivex sterile filter capsule to capture eDNA and DNA-containing particulates using a peristaltic pump.	1	NA	0.1	L/min	NA	NA	0.2	NA	1000	PVDF	Sterivex SVGV010RS	NA	NA	NA	NA	NA	NA	NA	NA	NA	1000	mL	physical | chemical	column-based	https://doi.org/10.5281/zenodo.22893376	Zymo Research ZymoBIOMICS DNA Miniprep Kit	This protocol is used to extract genomic DNA from 0.22-um sterivex filters using Zymo Research ZymoBIOMICS DNA Miniprep Kit. Modifications from manufacturers protocol are described here: https://doi.org/10.5281/zenodo.22893376	0	NA	9.47	ng/無	Qubit 2.0 Fluorometer (Invitrogen)	Pycno	Detected
CMIC776-2	sample	Hakai-Pycno-2025_CMIC776	CMIC776	NA	NA	-128.0512092	51.81054507	North East Pacific Ocean [GAZ:00013765]	2022-08-20T00:00:00	2022-08-20	marine biome [ENVO:00000447]	marine benthic biome [ENVO:01000024]	sea water [ENVO:00002149]	1	https://dx.doi.org/10.17504/protocols.io.rm7vzjxrrlx1/v1	bottle	1000	mL	-80	Sucrose Lysis Buffer	NA	"Hakai Institute, Quadra Island ,BC Canada"	"Hakai Institute, Quadra Island ,BC Canada"	NA	Seawater samples were filtered through a 0.22 痠 PVDF Sterivex sterile filter capsule to capture eDNA and DNA-containing particulates using a peristaltic pump.	1	NA	0.1	L/min	NA	NA	0.2	NA	1000	PVDF	Sterivex SVGV010RS	NA	NA	NA	NA	NA	NA	NA	NA	NA	1000	mL	physical | chemical	column-based	https://doi.org/10.5281/zenodo.22893376	Zymo Research ZymoBIOMICS DNA Miniprep Kit	This protocol is used to extract genomic DNA from 0.22-um sterivex filters using Zymo Research ZymoBIOMICS DNA Miniprep Kit. Modifications from manufacturers protocol are described here: https://doi.org/10.5281/zenodo.22893376	0	NA	9.47	ng/無	Qubit 2.0 Fluorometer (Invitrogen)	Pycno	Detected
CMIC776-3	sample	Hakai-Pycno-2025_CMIC776	CMIC776	NA	NA	-128.0512092	51.81054507	North East Pacific Ocean [GAZ:00013765]	2022-08-20T00:00:00	2022-08-20	marine biome [ENVO:00000447]	marine benthic biome [ENVO:01000024]	sea water [ENVO:00002149]	1	https://dx.doi.org/10.17504/protocols.io.rm7vzjxrrlx1/v1	bottle	1000	mL	-80	Sucrose Lysis Buffer	NA	"Hakai Institute, Quadra Island ,BC Canada"	"Hakai Institute, Quadra Island ,BC Canada"	NA	Seawater samples were filtered through a 0.22 痠 PVDF Sterivex sterile filter capsule to capture eDNA and DNA-containing particulates using a peristaltic pump.	1	NA	0.1	L/min	NA	NA	0.2	NA	1000	PVDF	Sterivex SVGV010RS	NA	NA	NA	NA	NA	NA	NA	NA	NA	1000	mL	physical | chemical	column-based	https://doi.org/10.5281/zenodo.22893376	Zymo Research ZymoBIOMICS DNA Miniprep Kit	This protocol is used to extract genomic DNA from 0.22-um sterivex filters using Zymo Research ZymoBIOMICS DNA Miniprep Kit. Modifications from manufacturers protocol are described here: https://doi.org/10.5281/zenodo.22893376	0	NA	9.47	ng/無	Qubit 2.0 Fluorometer (Invitrogen)	Pycno	Detected
CMIC777-1	sample	Hakai-Pycno-2025_CMIC777	CMIC777	NA	NA	-127.71152	51.9652611	North East Pacific Ocean [GAZ:00013765]	2022-08-21T00:00:00	2022-08-21	marine biome [ENVO:00000447]	marine benthic biome [ENVO:01000024]	sea water [ENVO:00002149]	1	https://dx.doi.org/10.17504/protocols.io.rm7vzjxrrlx1/v1	bottle	1000	mL	-80	Sucrose Lysis Buffer	NA	"Hakai Institute, Quadra Island ,BC Canada"	"Hakai Institute, Quadra Island ,BC Canada"	NA	Seawater samples were filtered through a 0.22 痠 PVDF Sterivex sterile filter capsule to capture eDNA and DNA-containing particulates using a peristaltic pump.	1	NA	0.1	L/min	NA	NA	0.2	NA	1000	PVDF	Sterivex SVGV010RS	NA	NA	NA	NA	NA	NA	NA	NA	NA	1000	mL	physical | chemical	column-based	https://doi.org/10.5281/zenodo.22893376	Zymo Research ZymoBIOMICS DNA Miniprep Kit	This protocol is used to extract genomic DNA from 0.22-um sterivex filters using Zymo Research ZymoBIOMICS DNA Miniprep Kit. Modifications from manufacturers protocol are described here: https://doi.org/10.5281/zenodo.22893376	0	NA	16.9	ng/無	Qubit 2.0 Fluorometer (Invitrogen)	Pycno	Detected
CMIC777-2	sample	Hakai-Pycno-2025_CMIC777	CMIC777	NA	NA	-127.71152	51.9652611	North East Pacific Ocean [GAZ:00013765]	2022-08-21T00:00:00	2022-08-21	marine biome [ENVO:00000447]	marine benthic biome [ENVO:01000024]	sea water [ENVO:00002149]	1	https://dx.doi.org/10.17504/protocols.io.rm7vzjxrrlx1/v1	bottle	1000	mL	-80	Sucrose Lysis Buffer	NA	"Hakai Institute, Quadra Island ,BC Canada"	"Hakai Institute, Quadra Island ,BC Canada"	NA	Seawater samples were filtered through a 0.22 痠 PVDF Sterivex sterile filter capsule to capture eDNA and DNA-containing particulates using a peristaltic pump.	1	NA	0.1	L/min	NA	NA	0.2	NA	1000	PVDF	Sterivex SVGV010RS	NA	NA	NA	NA	NA	NA	NA	NA	NA	1000	mL	physical | chemical	column-based	https://doi.org/10.5281/zenodo.22893376	Zymo Research ZymoBIOMICS DNA Miniprep Kit	This protocol is used to extract genomic DNA from 0.22-um sterivex filters using Zymo Research ZymoBIOMICS DNA Miniprep Kit. Modifications from manufacturers protocol are described here: https://doi.org/10.5281/zenodo.22893376	0	NA	16.9	ng/無	Qubit 2.0 Fluorometer (Invitrogen)	Pycno	Detected
CMIC777-3	sample	Hakai-Pycno-2025_CMIC777	CMIC777	NA	NA	-127.71152	51.9652611	North East Pacific Ocean [GAZ:00013765]	2022-08-21T00:00:00	2022-08-21	marine biome [ENVO:00000447]	marine benthic biome [ENVO:01000024]	sea water [ENVO:00002149]	1	https://dx.doi.org/10.17504/protocols.io.rm7vzjxrrlx1/v1	bottle	1000	mL	-80	Sucrose Lysis Buffer	NA	"Hakai Institute, Quadra Island ,BC Canada"	"Hakai Institute, Quadra Island ,BC Canada"	NA	Seawater samples were filtered through a 0.22 痠 PVDF Sterivex sterile filter capsule to capture eDNA and DNA-containing particulates using a peristaltic pump.	1	NA	0.1	L/min	NA	NA	0.2	NA	1000	PVDF	Sterivex SVGV010RS	NA	NA	NA	NA	NA	NA	NA	NA	NA	1000	mL	physical | chemical	column-based	https://doi.org/10.5281/zenodo.22893376	Zymo Research ZymoBIOMICS DNA Miniprep Kit	This protocol is used to extract genomic DNA from 0.22-um sterivex filters using Zymo Research ZymoBIOMICS DNA Miniprep Kit. Modifications from manufacturers protocol are described here: https://doi.org/10.5281/zenodo.22893376	0	NA	16.9	ng/無	Qubit 2.0 Fluorometer (Invitrogen)	Pycno	Detected
CMIC778-1	sample	Hakai-Pycno-2025_CMIC778	CMIC778	NA	NA	-127.74103	51.9517062	North East Pacific Ocean [GAZ:00013765]	2022-08-21T00:00:00	2022-08-21	marine biome [ENVO:00000447]	marine benthic biome [ENVO:01000024]	sea water [ENVO:00002149]	1	https://dx.doi.org/10.17504/protocols.io.rm7vzjxrrlx1/v1	bottle	1000	mL	-80	Sucrose Lysis Buffer	NA	"Hakai Institute, Quadra Island ,BC Canada"	"Hakai Institute, Quadra Island ,BC Canada"	NA	Seawater samples were filtered through a 0.22 痠 PVDF Sterivex sterile filter capsule to capture eDNA and DNA-containing particulates using a peristaltic pump.	1	NA	0.1	L/min	NA	NA	0.2	NA	1000	PVDF	Sterivex SVGV010RS	NA	NA	NA	NA	NA	NA	NA	NA	NA	1000	mL	physical | chemical	column-based	https://doi.org/10.5281/zenodo.22893376	Zymo Research ZymoBIOMICS DNA Miniprep Kit	This protocol is used to extract genomic DNA from 0.22-um sterivex filters using Zymo Research ZymoBIOMICS DNA Miniprep Kit. Modifications from manufacturers protocol are described here: https://doi.org/10.5281/zenodo.22893376	0	NA	13.8	ng/無	Qubit 2.0 Fluorometer (Invitrogen)	Pycno	Detected
CMIC778-2	sample	Hakai-Pycno-2025_CMIC778	CMIC778	NA	NA	-127.74103	51.9517062	North East Pacific Ocean [GAZ:00013765]	2022-08-21T00:00:00	2022-08-21	marine biome [ENVO:00000447]	marine benthic biome [ENVO:01000024]	sea water [ENVO:00002149]	1	https://dx.doi.org/10.17504/protocols.io.rm7vzjxrrlx1/v1	bottle	1000	mL	-80	Sucrose Lysis Buffer	NA	"Hakai Institute, Quadra Island ,BC Canada"	"Hakai Institute, Quadra Island ,BC Canada"	NA	Seawater samples were filtered through a 0.22 痠 PVDF Sterivex sterile filter capsule to capture eDNA and DNA-containing particulates using a peristaltic pump.	1	NA	0.1	L/min	NA	NA	0.2	NA	1000	PVDF	Sterivex SVGV010RS	NA	NA	NA	NA	NA	NA	NA	NA	NA	1000	mL	physical | chemical	column-based	https://doi.org/10.5281/zenodo.22893376	Zymo Research ZymoBIOMICS DNA Miniprep Kit	This protocol is used to extract genomic DNA from 0.22-um sterivex filters using Zymo Research ZymoBIOMICS DNA Miniprep Kit. Modifications from manufacturers protocol are described here: https://doi.org/10.5281/zenodo.22893376	0	NA	13.8	ng/無	Qubit 2.0 Fluorometer (Invitrogen)	Pycno	Detected
CMIC778-3	sample	Hakai-Pycno-2025_CMIC778	CMIC778	NA	NA	-127.74103	51.9517062	North East Pacific Ocean [GAZ:00013765]	2022-08-21T00:00:00	2022-08-21	marine biome [ENVO:00000447]	marine benthic biome [ENVO:01000024]	sea water [ENVO:00002149]	1	https://dx.doi.org/10.17504/protocols.io.rm7vzjxrrlx1/v1	bottle	1000	mL	-80	Sucrose Lysis Buffer	NA	"Hakai Institute, Quadra Island ,BC Canada"	"Hakai Institute, Quadra Island ,BC Canada"	NA	Seawater samples were filtered through a 0.22 痠 PVDF Sterivex sterile filter capsule to capture eDNA and DNA-containing particulates using a peristaltic pump.	1	NA	0.1	L/min	NA	NA	0.2	NA	1000	PVDF	Sterivex SVGV010RS	NA	NA	NA	NA	NA	NA	NA	NA	NA	1000	mL	physical | chemical	column-based	https://doi.org/10.5281/zenodo.22893376	Zymo Research ZymoBIOMICS DNA Miniprep Kit	This protocol is used to extract genomic DNA from 0.22-um sterivex filters using Zymo Research ZymoBIOMICS DNA Miniprep Kit. Modifications from manufacturers protocol are described here: https://doi.org/10.5281/zenodo.22893376	0	NA	13.8	ng/無	Qubit 2.0 Fluorometer (Invitrogen)	Pycno	Detected
CMIC779-1	sample	Hakai-Pycno-2025_CMIC779	CMIC779	NA	NA	-127.88845	51.9258389	North East Pacific Ocean [GAZ:00013765]	2022-08-21T00:00:00	2022-08-21	marine biome [ENVO:00000447]	marine benthic biome [ENVO:01000024]	sea water [ENVO:00002149]	1	https://dx.doi.org/10.17504/protocols.io.rm7vzjxrrlx1/v1	bottle	1000	mL	-80	Sucrose Lysis Buffer	NA	"Hakai Institute, Quadra Island ,BC Canada"	"Hakai Institute, Quadra Island ,BC Canada"	NA	Seawater samples were filtered through a 0.22 痠 PVDF Sterivex sterile filter capsule to capture eDNA and DNA-containing particulates using a peristaltic pump.	1	NA	0.1	L/min	NA	NA	0.2	NA	1000	PVDF	Sterivex SVGV010RS	NA	NA	NA	NA	NA	NA	NA	NA	NA	1000	mL	physical | chemical	column-based	https://doi.org/10.5281/zenodo.22893376	Zymo Research ZymoBIOMICS DNA Miniprep Kit	This protocol is used to extract genomic DNA from 0.22-um sterivex filters using Zymo Research ZymoBIOMICS DNA Miniprep Kit. Modifications from manufacturers protocol are described here: https://doi.org/10.5281/zenodo.22893376	0	NA	32.1	ng/無	Qubit 2.0 Fluorometer (Invitrogen)	Pycno	Detected
CMIC779-2	sample	Hakai-Pycno-2025_CMIC779	CMIC779	NA	NA	-127.88845	51.9258389	North East Pacific Ocean [GAZ:00013765]	2022-08-21T00:00:00	2022-08-21	marine biome [ENVO:00000447]	marine benthic biome [ENVO:01000024]	sea water [ENVO:00002149]	1	https://dx.doi.org/10.17504/protocols.io.rm7vzjxrrlx1/v1	bottle	1000	mL	-80	Sucrose Lysis Buffer	NA	"Hakai Institute, Quadra Island ,BC Canada"	"Hakai Institute, Quadra Island ,BC Canada"	NA	Seawater samples were filtered through a 0.22 痠 PVDF Sterivex sterile filter capsule to capture eDNA and DNA-containing particulates using a peristaltic pump.	1	NA	0.1	L/min	NA	NA	0.2	NA	1000	PVDF	Sterivex SVGV010RS	NA	NA	NA	NA	NA	NA	NA	NA	NA	1000	mL	physical | chemical	column-based	https://doi.org/10.5281/zenodo.22893376	Zymo Research ZymoBIOMICS DNA Miniprep Kit	This protocol is used to extract genomic DNA from 0.22-um sterivex filters using Zymo Research ZymoBIOMICS DNA Miniprep Kit. Modifications from manufacturers protocol are described here: https://doi.org/10.5281/zenodo.22893376	0	NA	32.1	ng/無	Qubit 2.0 Fluorometer (Invitrogen)	Pycno	Detected
CMIC779-3	sample	Hakai-Pycno-2025_CMIC779	CMIC779	NA	NA	-127.88845	51.9258389	North East Pacific Ocean [GAZ:00013765]	2022-08-21T00:00:00	2022-08-21	marine biome [ENVO:00000447]	marine benthic biome [ENVO:01000024]	sea water [ENVO:00002149]	1	https://dx.doi.org/10.17504/protocols.io.rm7vzjxrrlx1/v1	bottle	1000	mL	-80	Sucrose Lysis Buffer	NA	"Hakai Institute, Quadra Island ,BC Canada"	"Hakai Institute, Quadra Island ,BC Canada"	NA	Seawater samples were filtered through a 0.22 痠 PVDF Sterivex sterile filter capsule to capture eDNA and DNA-containing particulates using a peristaltic pump.	1	NA	0.1	L/min	NA	NA	0.2	NA	1000	PVDF	Sterivex SVGV010RS	NA	NA	NA	NA	NA	NA	NA	NA	NA	1000	mL	physical | chemical	column-based	https://doi.org/10.5281/zenodo.22893376	Zymo Research ZymoBIOMICS DNA Miniprep Kit	This protocol is used to extract genomic DNA from 0.22-um sterivex filters using Zymo Research ZymoBIOMICS DNA Miniprep Kit. Modifications from manufacturers protocol are described here: https://doi.org/10.5281/zenodo.22893376	0	NA	32.1	ng/無	Qubit 2.0 Fluorometer (Invitrogen)	Pycno	Detected
CMIC780-1	sample	Hakai-Pycno-2025_CMIC780	CMIC780	NA	NA	-127.77545	51.9617544	North East Pacific Ocean [GAZ:00013765]	2022-08-21T00:00:00	2022-08-21	marine biome [ENVO:00000447]	marine benthic biome [ENVO:01000024]	sea water [ENVO:00002149]	1	https://dx.doi.org/10.17504/protocols.io.rm7vzjxrrlx1/v1	bottle	1000	mL	-80	Sucrose Lysis Buffer	NA	"Hakai Institute, Quadra Island ,BC Canada"	"Hakai Institute, Quadra Island ,BC Canada"	NA	Seawater samples were filtered through a 0.22 痠 PVDF Sterivex sterile filter capsule to capture eDNA and DNA-containing particulates using a peristaltic pump.	1	NA	0.1	L/min	NA	NA	0.2	NA	1000	PVDF	Sterivex SVGV010RS	NA	NA	NA	NA	NA	NA	NA	NA	NA	1000	mL	physical | chemical	column-based	https://doi.org/10.5281/zenodo.22893376	Zymo Research ZymoBIOMICS DNA Miniprep Kit	This protocol is used to extract genomic DNA from 0.22-um sterivex filters using Zymo Research ZymoBIOMICS DNA Miniprep Kit. Modifications from manufacturers protocol are described here: https://doi.org/10.5281/zenodo.22893376	0	NA	12.8	ng/無	Qubit 2.0 Fluorometer (Invitrogen)	Pycno	Detected
CMIC780-2	sample	Hakai-Pycno-2025_CMIC780	CMIC780	NA	NA	-127.77545	51.9617544	North East Pacific Ocean [GAZ:00013765]	2022-08-21T00:00:00	2022-08-21	marine biome [ENVO:00000447]	marine benthic biome [ENVO:01000024]	sea water [ENVO:00002149]	1	https://dx.doi.org/10.17504/protocols.io.rm7vzjxrrlx1/v1	bottle	1000	mL	-80	Sucrose Lysis Buffer	NA	"Hakai Institute, Quadra Island ,BC Canada"	"Hakai Institute, Quadra Island ,BC Canada"	NA	Seawater samples were filtered through a 0.22 痠 PVDF Sterivex sterile filter capsule to capture eDNA and DNA-containing particulates using a peristaltic pump.	1	NA	0.1	L/min	NA	NA	0.2	NA	1000	PVDF	Sterivex SVGV010RS	NA	NA	NA	NA	NA	NA	NA	NA	NA	1000	mL	physical | chemical	column-based	https://doi.org/10.5281/zenodo.22893376	Zymo Research ZymoBIOMICS DNA Miniprep Kit	This protocol is used to extract genomic DNA from 0.22-um sterivex filters using Zymo Research ZymoBIOMICS DNA Miniprep Kit. Modifications from manufacturers protocol are described here: https://doi.org/10.5281/zenodo.22893376	0	NA	12.8	ng/無	Qubit 2.0 Fluorometer (Invitrogen)	Pycno	Detected
CMIC780-3	sample	Hakai-Pycno-2025_CMIC780	CMIC780	NA	NA	-127.77545	51.9617544	North East Pacific Ocean [GAZ:00013765]	2022-08-21T00:00:00	2022-08-21	marine biome [ENVO:00000447]	marine benthic biome [ENVO:01000024]	sea water [ENVO:00002149]	1	https://dx.doi.org/10.17504/protocols.io.rm7vzjxrrlx1/v1	bottle	1000	mL	-80	Sucrose Lysis Buffer	NA	"Hakai Institute, Quadra Island ,BC Canada"	"Hakai Institute, Quadra Island ,BC Canada"	NA	Seawater samples were filtered through a 0.22 痠 PVDF Sterivex sterile filter capsule to capture eDNA and DNA-containing particulates using a peristaltic pump.	1	NA	0.1	L/min	NA	NA	0.2	NA	1000	PVDF	Sterivex SVGV010RS	NA	NA	NA	NA	NA	NA	NA	NA	NA	1000	mL	physical | chemical	column-based	https://doi.org/10.5281/zenodo.22893376	Zymo Research ZymoBIOMICS DNA Miniprep Kit	This protocol is used to extract genomic DNA from 0.22-um sterivex filters using Zymo Research ZymoBIOMICS DNA Miniprep Kit. Modifications from manufacturers protocol are described here: https://doi.org/10.5281/zenodo.22893376	0	NA	12.8	ng/無	Qubit 2.0 Fluorometer (Invitrogen)	Pycno	Detected
CMIC781-1	sample	Hakai-Pycno-2025_CMIC781	CMIC781	NA	NA	-128.1127092	51.65812538	North East Pacific Ocean [GAZ:00013765]	2022-08-22T00:00:00	2022-08-22	marine biome [ENVO:00000447]	marine benthic biome [ENVO:01000024]	sea water [ENVO:00002149]	1	https://dx.doi.org/10.17504/protocols.io.rm7vzjxrrlx1/v1	bottle	1000	mL	-80	Sucrose Lysis Buffer	NA	"Hakai Institute, Quadra Island ,BC Canada"	"Hakai Institute, Quadra Island ,BC Canada"	NA	Seawater samples were filtered through a 0.22 痠 PVDF Sterivex sterile filter capsule to capture eDNA and DNA-containing particulates using a peristaltic pump.	1	NA	0.1	L/min	NA	NA	0.2	NA	1000	PVDF	Sterivex SVGV010RS	NA	NA	NA	NA	NA	NA	NA	NA	NA	1000	mL	physical | chemical	column-based	https://doi.org/10.5281/zenodo.22893376	Zymo Research ZymoBIOMICS DNA Miniprep Kit	This protocol is used to extract genomic DNA from 0.22-um sterivex filters using Zymo Research ZymoBIOMICS DNA Miniprep Kit. Modifications from manufacturers protocol are described here: https://doi.org/10.5281/zenodo.22893376	0	NA	22.7	ng/無	Qubit 2.0 Fluorometer (Invitrogen)	Pycno	Detected
CMIC781-2	sample	Hakai-Pycno-2025_CMIC781	CMIC781	NA	NA	-128.1127092	51.65812538	North East Pacific Ocean [GAZ:00013765]	2022-08-22T00:00:00	2022-08-22	marine biome [ENVO:00000447]	marine benthic biome [ENVO:01000024]	sea water [ENVO:00002149]	1	https://dx.doi.org/10.17504/protocols.io.rm7vzjxrrlx1/v1	bottle	1000	mL	-80	Sucrose Lysis Buffer	NA	"Hakai Institute, Quadra Island ,BC Canada"	"Hakai Institute, Quadra Island ,BC Canada"	NA	Seawater samples were filtered through a 0.22 痠 PVDF Sterivex sterile filter capsule to capture eDNA and DNA-containing particulates using a peristaltic pump.	1	NA	0.1	L/min	NA	NA	0.2	NA	1000	PVDF	Sterivex SVGV010RS	NA	NA	NA	NA	NA	NA	NA	NA	NA	1000	mL	physical | chemical	column-based	https://doi.org/10.5281/zenodo.22893376	Zymo Research ZymoBIOMICS DNA Miniprep Kit	This protocol is used to extract genomic DNA from 0.22-um sterivex filters using Zymo Research ZymoBIOMICS DNA Miniprep Kit. Modifications from manufacturers protocol are described here: https://doi.org/10.5281/zenodo.22893376	0	NA	22.7	ng/無	Qubit 2.0 Fluorometer (Invitrogen)	Pycno	Detected
CMIC781-3	sample	Hakai-Pycno-2025_CMIC781	CMIC781	NA	NA	-128.1127092	51.65812538	North East Pacific Ocean [GAZ:00013765]	2022-08-22T00:00:00	2022-08-22	marine biome [ENVO:00000447]	marine benthic biome [ENVO:01000024]	sea water [ENVO:00002149]	1	https://dx.doi.org/10.17504/protocols.io.rm7vzjxrrlx1/v1	bottle	1000	mL	-80	Sucrose Lysis Buffer	NA	"Hakai Institute, Quadra Island ,BC Canada"	"Hakai Institute, Quadra Island ,BC Canada"	NA	Seawater samples were filtered through a 0.22 痠 PVDF Sterivex sterile filter capsule to capture eDNA and DNA-containing particulates using a peristaltic pump.	1	NA	0.1	L/min	NA	NA	0.2	NA	1000	PVDF	Sterivex SVGV010RS	NA	NA	NA	NA	NA	NA	NA	NA	NA	1000	mL	physical | chemical	column-based	https://doi.org/10.5281/zenodo.22893376	Zymo Research ZymoBIOMICS DNA Miniprep Kit	This protocol is used to extract genomic DNA from 0.22-um sterivex filters using Zymo Research ZymoBIOMICS DNA Miniprep Kit. Modifications from manufacturers protocol are described here: https://doi.org/10.5281/zenodo.22893376	0	NA	22.7	ng/無	Qubit 2.0 Fluorometer (Invitrogen)	Pycno	Detected
CMIC784-1	sample	Hakai-Pycno-2025_CMIC784	CMIC784	NA	NA	-127.8827169	51.70320511	North East Pacific Ocean [GAZ:00013765]	2022-08-23T00:00:00	2022-08-23	marine biome [ENVO:00000447]	marine benthic biome [ENVO:01000024]	sea water [ENVO:00002149]	1	https://dx.doi.org/10.17504/protocols.io.rm7vzjxrrlx1/v1	bottle	1000	mL	-80	Sucrose Lysis Buffer	NA	"Hakai Institute, Quadra Island ,BC Canada"	"Hakai Institute, Quadra Island ,BC Canada"	NA	Seawater samples were filtered through a 0.22 痠 PVDF Sterivex sterile filter capsule to capture eDNA and DNA-containing particulates using a peristaltic pump.	1	NA	0.1	L/min	NA	NA	0.2	NA	1000	PVDF	Sterivex SVGV010RS	NA	NA	NA	NA	NA	NA	NA	NA	NA	1000	mL	physical | chemical	column-based	https://doi.org/10.5281/zenodo.22893376	Zymo Research ZymoBIOMICS DNA Miniprep Kit	This protocol is used to extract genomic DNA from 0.22-um sterivex filters using Zymo Research ZymoBIOMICS DNA Miniprep Kit. Modifications from manufacturers protocol are described here: https://doi.org/10.5281/zenodo.22893376	0	NA	>60	ng/無	Qubit 2.0 Fluorometer (Invitrogen)	Pycno	Detected
CMIC784-2	sample	Hakai-Pycno-2025_CMIC784	CMIC784	NA	NA	-127.8827169	51.70320511	North East Pacific Ocean [GAZ:00013765]	2022-08-23T00:00:00	2022-08-23	marine biome [ENVO:00000447]	marine benthic biome [ENVO:01000024]	sea water [ENVO:00002149]	1	https://dx.doi.org/10.17504/protocols.io.rm7vzjxrrlx1/v1	bottle	1000	mL	-80	Sucrose Lysis Buffer	NA	"Hakai Institute, Quadra Island ,BC Canada"	"Hakai Institute, Quadra Island ,BC Canada"	NA	Seawater samples were filtered through a 0.22 痠 PVDF Sterivex sterile filter capsule to capture eDNA and DNA-containing particulates using a peristaltic pump.	1	NA	0.1	L/min	NA	NA	0.2	NA	1000	PVDF	Sterivex SVGV010RS	NA	NA	NA	NA	NA	NA	NA	NA	NA	1000	mL	physical | chemical	column-based	https://doi.org/10.5281/zenodo.22893376	Zymo Research ZymoBIOMICS DNA Miniprep Kit	This protocol is used to extract genomic DNA from 0.22-um sterivex filters using Zymo Research ZymoBIOMICS DNA Miniprep Kit. Modifications from manufacturers protocol are described here: https://doi.org/10.5281/zenodo.22893376	0	NA	>60	ng/無	Qubit 2.0 Fluorometer (Invitrogen)	Pycno	Detected
CMIC784-3	sample	Hakai-Pycno-2025_CMIC784	CMIC784	NA	NA	-127.8827169	51.70320511	North East Pacific Ocean [GAZ:00013765]	2022-08-23T00:00:00	2022-08-23	marine biome [ENVO:00000447]	marine benthic biome [ENVO:01000024]	sea water [ENVO:00002149]	1	https://dx.doi.org/10.17504/protocols.io.rm7vzjxrrlx1/v1	bottle	1000	mL	-80	Sucrose Lysis Buffer	NA	"Hakai Institute, Quadra Island ,BC Canada"	"Hakai Institute, Quadra Island ,BC Canada"	NA	Seawater samples were filtered through a 0.22 痠 PVDF Sterivex sterile filter capsule to capture eDNA and DNA-containing particulates using a peristaltic pump.	1	NA	0.1	L/min	NA	NA	0.2	NA	1000	PVDF	Sterivex SVGV010RS	NA	NA	NA	NA	NA	NA	NA	NA	NA	1000	mL	physical | chemical	column-based	https://doi.org/10.5281/zenodo.22893376	Zymo Research ZymoBIOMICS DNA Miniprep Kit	This protocol is used to extract genomic DNA from 0.22-um sterivex filters using Zymo Research ZymoBIOMICS DNA Miniprep Kit. Modifications from manufacturers protocol are described here: https://doi.org/10.5281/zenodo.22893376	0	NA	>60	ng/無	Qubit 2.0 Fluorometer (Invitrogen)	Pycno	Detected
CMIC785-1	sample	Hakai-Pycno-2025_CMIC785	CMIC785	NA	NA	-127.8873169	51.70870511	North East Pacific Ocean [GAZ:00013765]	2022-08-23T00:00:00	2022-08-23	marine biome [ENVO:00000447]	marine benthic biome [ENVO:01000024]	sea water [ENVO:00002149]	1	https://dx.doi.org/10.17504/protocols.io.rm7vzjxrrlx1/v1	bottle	1000	mL	-80	Sucrose Lysis Buffer	NA	"Hakai Institute, Quadra Island ,BC Canada"	"Hakai Institute, Quadra Island ,BC Canada"	NA	Seawater samples were filtered through a 0.22 痠 PVDF Sterivex sterile filter capsule to capture eDNA and DNA-containing particulates using a peristaltic pump.	1	NA	0.1	L/min	NA	NA	0.2	NA	1000	PVDF	Sterivex SVGV010RS	NA	NA	NA	NA	NA	NA	NA	NA	NA	1000	mL	physical | chemical	column-based	https://doi.org/10.5281/zenodo.22893376	Zymo Research ZymoBIOMICS DNA Miniprep Kit	This protocol is used to extract genomic DNA from 0.22-um sterivex filters using Zymo Research ZymoBIOMICS DNA Miniprep Kit. Modifications from manufacturers protocol are described here: https://doi.org/10.5281/zenodo.22893376	0	NA	>60	ng/無	Qubit 2.0 Fluorometer (Invitrogen)	Pycno	Detected
CMIC785-2	sample	Hakai-Pycno-2025_CMIC785	CMIC785	NA	NA	-127.8873169	51.70870511	North East Pacific Ocean [GAZ:00013765]	2022-08-23T00:00:00	2022-08-23	marine biome [ENVO:00000447]	marine benthic biome [ENVO:01000024]	sea water [ENVO:00002149]	1	https://dx.doi.org/10.17504/protocols.io.rm7vzjxrrlx1/v1	bottle	1000	mL	-80	Sucrose Lysis Buffer	NA	"Hakai Institute, Quadra Island ,BC Canada"	"Hakai Institute, Quadra Island ,BC Canada"	NA	Seawater samples were filtered through a 0.22 痠 PVDF Sterivex sterile filter capsule to capture eDNA and DNA-containing particulates using a peristaltic pump.	1	NA	0.1	L/min	NA	NA	0.2	NA	1000	PVDF	Sterivex SVGV010RS	NA	NA	NA	NA	NA	NA	NA	NA	NA	1000	mL	physical | chemical	column-based	https://doi.org/10.5281/zenodo.22893376	Zymo Research ZymoBIOMICS DNA Miniprep Kit	This protocol is used to extract genomic DNA from 0.22-um sterivex filters using Zymo Research ZymoBIOMICS DNA Miniprep Kit. Modifications from manufacturers protocol are described here: https://doi.org/10.5281/zenodo.22893376	0	NA	>60	ng/無	Qubit 2.0 Fluorometer (Invitrogen)	Pycno	Detected
CMIC785-3	sample	Hakai-Pycno-2025_CMIC785	CMIC785	NA	NA	-127.8873169	51.70870511	North East Pacific Ocean [GAZ:00013765]	2022-08-23T00:00:00	2022-08-23	marine biome [ENVO:00000447]	marine benthic biome [ENVO:01000024]	sea water [ENVO:00002149]	1	https://dx.doi.org/10.17504/protocols.io.rm7vzjxrrlx1/v1	bottle	1000	mL	-80	Sucrose Lysis Buffer	NA	"Hakai Institute, Quadra Island ,BC Canada"	"Hakai Institute, Quadra Island ,BC Canada"	NA	Seawater samples were filtered through a 0.22 痠 PVDF Sterivex sterile filter capsule to capture eDNA and DNA-containing particulates using a peristaltic pump.	1	NA	0.1	L/min	NA	NA	0.2	NA	1000	PVDF	Sterivex SVGV010RS	NA	NA	NA	NA	NA	NA	NA	NA	NA	1000	mL	physical | chemical	column-based	https://doi.org/10.5281/zenodo.22893376	Zymo Research ZymoBIOMICS DNA Miniprep Kit	This protocol is used to extract genomic DNA from 0.22-um sterivex filters using Zymo Research ZymoBIOMICS DNA Miniprep Kit. Modifications from manufacturers protocol are described here: https://doi.org/10.5281/zenodo.22893376	0	NA	>60	ng/無	Qubit 2.0 Fluorometer (Invitrogen)	Pycno	Detected
CMIC786-1	sample	Hakai-Pycno-2025_CMIC786	CMIC786	NA	NA	-128.1347	51.66508	North East Pacific Ocean [GAZ:00013765]	2022-09-09T00:00:00	2022-09-09	marine biome [ENVO:00000447]	marine benthic biome [ENVO:01000024]	sea water [ENVO:00002149]	1	https://dx.doi.org/10.17504/protocols.io.rm7vzjxrrlx1/v1	bottle	1000	mL	-80	Sucrose Lysis Buffer	NA	"Hakai Institute, Quadra Island ,BC Canada"	"Hakai Institute, Quadra Island ,BC Canada"	NA	Seawater samples were filtered through a 0.22 痠 PVDF Sterivex sterile filter capsule to capture eDNA and DNA-containing particulates using a peristaltic pump.	1	NA	0.1	L/min	NA	NA	0.2	NA	1000	PVDF	Sterivex SVGV010RS	NA	NA	NA	NA	NA	NA	NA	NA	NA	1000	mL	physical | chemical	column-based	https://doi.org/10.5281/zenodo.22893376	Zymo Research ZymoBIOMICS DNA Miniprep Kit	This protocol is used to extract genomic DNA from 0.22-um sterivex filters using Zymo Research ZymoBIOMICS DNA Miniprep Kit. Modifications from manufacturers protocol are described here: https://doi.org/10.5281/zenodo.22893376	0	NA	NA	ng/無	Qubit 2.0 Fluorometer (Invitrogen)	Pycno	Detected
CMIC786-2	sample	Hakai-Pycno-2025_CMIC786	CMIC786	NA	NA	-128.1347	51.66508	North East Pacific Ocean [GAZ:00013765]	2022-09-09T00:00:00	2022-09-09	marine biome [ENVO:00000447]	marine benthic biome [ENVO:01000024]	sea water [ENVO:00002149]	1	https://dx.doi.org/10.17504/protocols.io.rm7vzjxrrlx1/v1	bottle	1000	mL	-80	Sucrose Lysis Buffer	NA	"Hakai Institute, Quadra Island ,BC Canada"	"Hakai Institute, Quadra Island ,BC Canada"	NA	Seawater samples were filtered through a 0.22 痠 PVDF Sterivex sterile filter capsule to capture eDNA and DNA-containing particulates using a peristaltic pump.	1	NA	0.1	L/min	NA	NA	0.2	NA	1000	PVDF	Sterivex SVGV010RS	NA	NA	NA	NA	NA	NA	NA	NA	NA	1000	mL	physical | chemical	column-based	https://doi.org/10.5281/zenodo.22893376	Zymo Research ZymoBIOMICS DNA Miniprep Kit	This protocol is used to extract genomic DNA from 0.22-um sterivex filters using Zymo Research ZymoBIOMICS DNA Miniprep Kit. Modifications from manufacturers protocol are described here: https://doi.org/10.5281/zenodo.22893376	0	NA	NA	ng/無	Qubit 2.0 Fluorometer (Invitrogen)	Pycno	Detected
CMIC786-3	sample	Hakai-Pycno-2025_CMIC786	CMIC786	NA	NA	-128.1347	51.66508	North East Pacific Ocean [GAZ:00013765]	2022-09-09T00:00:00	2022-09-09	marine biome [ENVO:00000447]	marine benthic biome [ENVO:01000024]	sea water [ENVO:00002149]	1	https://dx.doi.org/10.17504/protocols.io.rm7vzjxrrlx1/v1	bottle	1000	mL	-80	Sucrose Lysis Buffer	NA	"Hakai Institute, Quadra Island ,BC Canada"	"Hakai Institute, Quadra Island ,BC Canada"	NA	Seawater samples were filtered through a 0.22 痠 PVDF Sterivex sterile filter capsule to capture eDNA and DNA-containing particulates using a peristaltic pump.	1	NA	0.1	L/min	NA	NA	0.2	NA	1000	PVDF	Sterivex SVGV010RS	NA	NA	NA	NA	NA	NA	NA	NA	NA	1000	mL	physical | chemical	column-based	https://doi.org/10.5281/zenodo.22893376	Zymo Research ZymoBIOMICS DNA Miniprep Kit	This protocol is used to extract genomic DNA from 0.22-um sterivex filters using Zymo Research ZymoBIOMICS DNA Miniprep Kit. Modifications from manufacturers protocol are described here: https://doi.org/10.5281/zenodo.22893376	0	NA	NA	ng/無	Qubit 2.0 Fluorometer (Invitrogen)	Pycno	Detected
CMIC787-1	sample	Hakai-Pycno-2025_CMIC787	CMIC787	NA	NA	-128.148814	51.657423	North East Pacific Ocean [GAZ:00013765]	2022-09-10T00:00:00	2022-09-10	marine biome [ENVO:00000447]	marine benthic biome [ENVO:01000024]	sea water [ENVO:00002149]	1	https://dx.doi.org/10.17504/protocols.io.rm7vzjxrrlx1/v1	bottle	1000	mL	-80	Sucrose Lysis Buffer	NA	"Hakai Institute, Quadra Island ,BC Canada"	"Hakai Institute, Quadra Island ,BC Canada"	NA	Seawater samples were filtered through a 0.22 痠 PVDF Sterivex sterile filter capsule to capture eDNA and DNA-containing particulates using a peristaltic pump.	1	NA	0.1	L/min	NA	NA	0.2	NA	1000	PVDF	Sterivex SVGV010RS	NA	NA	NA	NA	NA	NA	NA	NA	NA	1000	mL	physical | chemical	column-based	https://doi.org/10.5281/zenodo.22893376	Zymo Research ZymoBIOMICS DNA Miniprep Kit	This protocol is used to extract genomic DNA from 0.22-um sterivex filters using Zymo Research ZymoBIOMICS DNA Miniprep Kit. Modifications from manufacturers protocol are described here: https://doi.org/10.5281/zenodo.22893376	0	NA	NA	ng/無	Qubit 2.0 Fluorometer (Invitrogen)	Pycno	Detected
CMIC787-2	sample	Hakai-Pycno-2025_CMIC787	CMIC787	NA	NA	-128.148814	51.657423	North East Pacific Ocean [GAZ:00013765]	2022-09-10T00:00:00	2022-09-10	marine biome [ENVO:00000447]	marine benthic biome [ENVO:01000024]	sea water [ENVO:00002149]	1	https://dx.doi.org/10.17504/protocols.io.rm7vzjxrrlx1/v1	bottle	1000	mL	-80	Sucrose Lysis Buffer	NA	"Hakai Institute, Quadra Island ,BC Canada"	"Hakai Institute, Quadra Island ,BC Canada"	NA	Seawater samples were filtered through a 0.22 痠 PVDF Sterivex sterile filter capsule to capture eDNA and DNA-containing particulates using a peristaltic pump.	1	NA	0.1	L/min	NA	NA	0.2	NA	1000	PVDF	Sterivex SVGV010RS	NA	NA	NA	NA	NA	NA	NA	NA	NA	1000	mL	physical | chemical	column-based	https://doi.org/10.5281/zenodo.22893376	Zymo Research ZymoBIOMICS DNA Miniprep Kit	This protocol is used to extract genomic DNA from 0.22-um sterivex filters using Zymo Research ZymoBIOMICS DNA Miniprep Kit. Modifications from manufacturers protocol are described here: https://doi.org/10.5281/zenodo.22893376	0	NA	NA	ng/無	Qubit 2.0 Fluorometer (Invitrogen)	Pycno	Detected
CMIC787-3	sample	Hakai-Pycno-2025_CMIC787	CMIC787	NA	NA	-128.148814	51.657423	North East Pacific Ocean [GAZ:00013765]	2022-09-10T00:00:00	2022-09-10	marine biome [ENVO:00000447]	marine benthic biome [ENVO:01000024]	sea water [ENVO:00002149]	1	https://dx.doi.org/10.17504/protocols.io.rm7vzjxrrlx1/v1	bottle	1000	mL	-80	Sucrose Lysis Buffer	NA	"Hakai Institute, Quadra Island ,BC Canada"	"Hakai Institute, Quadra Island ,BC Canada"	NA	Seawater samples were filtered through a 0.22 痠 PVDF Sterivex sterile filter capsule to capture eDNA and DNA-containing particulates using a peristaltic pump.	1	NA	0.1	L/min	NA	NA	0.2	NA	1000	PVDF	Sterivex SVGV010RS	NA	NA	NA	NA	NA	NA	NA	NA	NA	1000	mL	physical | chemical	column-based	https://doi.org/10.5281/zenodo.22893376	Zymo Research ZymoBIOMICS DNA Miniprep Kit	This protocol is used to extract genomic DNA from 0.22-um sterivex filters using Zymo Research ZymoBIOMICS DNA Miniprep Kit. Modifications from manufacturers protocol are described here: https://doi.org/10.5281/zenodo.22893376	0	NA	NA	ng/無	Qubit 2.0 Fluorometer (Invitrogen)	Pycno	Detected
CMIC788-1	sample	Hakai-Pycno-2025_CMIC788	CMIC788	NA	NA	-128.156779	51.64068	North East Pacific Ocean [GAZ:00013765]	2022-09-11T00:00:00	2022-09-11	marine biome [ENVO:00000447]	marine benthic biome [ENVO:01000024]	sea water [ENVO:00002149]	1	https://dx.doi.org/10.17504/protocols.io.rm7vzjxrrlx1/v1	bottle	1000	mL	-80	Sucrose Lysis Buffer	NA	"Hakai Institute, Quadra Island ,BC Canada"	"Hakai Institute, Quadra Island ,BC Canada"	NA	Seawater samples were filtered through a 0.22 痠 PVDF Sterivex sterile filter capsule to capture eDNA and DNA-containing particulates using a peristaltic pump.	1	NA	0.1	L/min	NA	NA	0.2	NA	1000	PVDF	Sterivex SVGV010RS	NA	NA	NA	NA	NA	NA	NA	NA	NA	1000	mL	physical | chemical	column-based	https://doi.org/10.5281/zenodo.22893376	Zymo Research ZymoBIOMICS DNA Miniprep Kit	This protocol is used to extract genomic DNA from 0.22-um sterivex filters using Zymo Research ZymoBIOMICS DNA Miniprep Kit. Modifications from manufacturers protocol are described here: https://doi.org/10.5281/zenodo.22893376	0	NA	NA	ng/無	Qubit 2.0 Fluorometer (Invitrogen)	Pycno	Detected
CMIC788-2	sample	Hakai-Pycno-2025_CMIC788	CMIC788	NA	NA	-128.156779	51.64068	North East Pacific Ocean [GAZ:00013765]	2022-09-11T00:00:00	2022-09-11	marine biome [ENVO:00000447]	marine benthic biome [ENVO:01000024]	sea water [ENVO:00002149]	1	https://dx.doi.org/10.17504/protocols.io.rm7vzjxrrlx1/v1	bottle	1000	mL	-80	Sucrose Lysis Buffer	NA	"Hakai Institute, Quadra Island ,BC Canada"	"Hakai Institute, Quadra Island ,BC Canada"	NA	Seawater samples were filtered through a 0.22 痠 PVDF Sterivex sterile filter capsule to capture eDNA and DNA-containing particulates using a peristaltic pump.	1	NA	0.1	L/min	NA	NA	0.2	NA	1000	PVDF	Sterivex SVGV010RS	NA	NA	NA	NA	NA	NA	NA	NA	NA	1000	mL	physical | chemical	column-based	https://doi.org/10.5281/zenodo.22893376	Zymo Research ZymoBIOMICS DNA Miniprep Kit	This protocol is used to extract genomic DNA from 0.22-um sterivex filters using Zymo Research ZymoBIOMICS DNA Miniprep Kit. Modifications from manufacturers protocol are described here: https://doi.org/10.5281/zenodo.22893376	0	NA	NA	ng/無	Qubit 2.0 Fluorometer (Invitrogen)	Pycno	Detected
CMIC788-3	sample	Hakai-Pycno-2025_CMIC788	CMIC788	NA	NA	-128.156779	51.64068	North East Pacific Ocean [GAZ:00013765]	2022-09-11T00:00:00	2022-09-11	marine biome [ENVO:00000447]	marine benthic biome [ENVO:01000024]	sea water [ENVO:00002149]	1	https://dx.doi.org/10.17504/protocols.io.rm7vzjxrrlx1/v1	bottle	1000	mL	-80	Sucrose Lysis Buffer	NA	"Hakai Institute, Quadra Island ,BC Canada"	"Hakai Institute, Quadra Island ,BC Canada"	NA	Seawater samples were filtered through a 0.22 痠 PVDF Sterivex sterile filter capsule to capture eDNA and DNA-containing particulates using a peristaltic pump.	1	NA	0.1	L/min	NA	NA	0.2	NA	1000	PVDF	Sterivex SVGV010RS	NA	NA	NA	NA	NA	NA	NA	NA	NA	1000	mL	physical | chemical	column-based	https://doi.org/10.5281/zenodo.22893376	Zymo Research ZymoBIOMICS DNA Miniprep Kit	This protocol is used to extract genomic DNA from 0.22-um sterivex filters using Zymo Research ZymoBIOMICS DNA Miniprep Kit. Modifications from manufacturers protocol are described here: https://doi.org/10.5281/zenodo.22893376	0	NA	NA	ng/無	Qubit 2.0 Fluorometer (Invitrogen)	Pycno	Detected
CMIC789-1	sample	Hakai-Pycno-2025_CMIC789	CMIC789	NA	NA	-128.0945833	51.66461667	North East Pacific Ocean [GAZ:00013765]	2022-10-04T00:00:00	2022-10-04	marine biome [ENVO:00000447]	marine benthic biome [ENVO:01000024]	sea water [ENVO:00002149]	1	https://dx.doi.org/10.17504/protocols.io.rm7vzjxrrlx1/v1	bottle	1000	mL	-80	Sucrose Lysis Buffer	NA	"Hakai Institute, Quadra Island ,BC Canada"	"Hakai Institute, Quadra Island ,BC Canada"	NA	Seawater samples were filtered through a 0.22 痠 PVDF Sterivex sterile filter capsule to capture eDNA and DNA-containing particulates using a peristaltic pump.	1	NA	0.1	L/min	NA	NA	0.2	NA	1000	PVDF	Sterivex SVGV010RS	NA	NA	NA	NA	NA	NA	NA	NA	NA	1000	mL	physical | chemical	column-based	https://doi.org/10.5281/zenodo.22893376	Zymo Research ZymoBIOMICS DNA Miniprep Kit	This protocol is used to extract genomic DNA from 0.22-um sterivex filters using Zymo Research ZymoBIOMICS DNA Miniprep Kit. Modifications from manufacturers protocol are described here: https://doi.org/10.5281/zenodo.22893376	0	NA	>60	ng/無	Qubit 2.0 Fluorometer (Invitrogen)	Pycno	Detected
CMIC789-2	sample	Hakai-Pycno-2025_CMIC789	CMIC789	NA	NA	-128.0945833	51.66461667	North East Pacific Ocean [GAZ:00013765]	2022-10-04T00:00:00	2022-10-04	marine biome [ENVO:00000447]	marine benthic biome [ENVO:01000024]	sea water [ENVO:00002149]	1	https://dx.doi.org/10.17504/protocols.io.rm7vzjxrrlx1/v1	bottle	1000	mL	-80	Sucrose Lysis Buffer	NA	"Hakai Institute, Quadra Island ,BC Canada"	"Hakai Institute, Quadra Island ,BC Canada"	NA	Seawater samples were filtered through a 0.22 痠 PVDF Sterivex sterile filter capsule to capture eDNA and DNA-containing particulates using a peristaltic pump.	1	NA	0.1	L/min	NA	NA	0.2	NA	1000	PVDF	Sterivex SVGV010RS	NA	NA	NA	NA	NA	NA	NA	NA	NA	1000	mL	physical | chemical	column-based	https://doi.org/10.5281/zenodo.22893376	Zymo Research ZymoBIOMICS DNA Miniprep Kit	This protocol is used to extract genomic DNA from 0.22-um sterivex filters using Zymo Research ZymoBIOMICS DNA Miniprep Kit. Modifications from manufacturers protocol are described here: https://doi.org/10.5281/zenodo.22893376	0	NA	>60	ng/無	Qubit 2.0 Fluorometer (Invitrogen)	Pycno	Detected
CMIC789-3	sample	Hakai-Pycno-2025_CMIC789	CMIC789	NA	NA	-128.0945833	51.66461667	North East Pacific Ocean [GAZ:00013765]	2022-10-04T00:00:00	2022-10-04	marine biome [ENVO:00000447]	marine benthic biome [ENVO:01000024]	sea water [ENVO:00002149]	1	https://dx.doi.org/10.17504/protocols.io.rm7vzjxrrlx1/v1	bottle	1000	mL	-80	Sucrose Lysis Buffer	NA	"Hakai Institute, Quadra Island ,BC Canada"	"Hakai Institute, Quadra Island ,BC Canada"	NA	Seawater samples were filtered through a 0.22 痠 PVDF Sterivex sterile filter capsule to capture eDNA and DNA-containing particulates using a peristaltic pump.	1	NA	0.1	L/min	NA	NA	0.2	NA	1000	PVDF	Sterivex SVGV010RS	NA	NA	NA	NA	NA	NA	NA	NA	NA	1000	mL	physical | chemical	column-based	https://doi.org/10.5281/zenodo.22893376	Zymo Research ZymoBIOMICS DNA Miniprep Kit	This protocol is used to extract genomic DNA from 0.22-um sterivex filters using Zymo Research ZymoBIOMICS DNA Miniprep Kit. Modifications from manufacturers protocol are described here: https://doi.org/10.5281/zenodo.22893376	0	NA	>60	ng/無	Qubit 2.0 Fluorometer (Invitrogen)	Pycno	Detected
CMIC790-1	sample	Hakai-Pycno-2025_CMIC790	CMIC790	NA	NA	-128.094151	51.64854188	North East Pacific Ocean [GAZ:00013765]	2022-10-05T00:00:00	2022-10-05	marine biome [ENVO:00000447]	marine benthic biome [ENVO:01000024]	sea water [ENVO:00002149]	1	https://dx.doi.org/10.17504/protocols.io.rm7vzjxrrlx1/v1	bottle	1000	mL	-80	Sucrose Lysis Buffer	NA	"Hakai Institute, Quadra Island ,BC Canada"	"Hakai Institute, Quadra Island ,BC Canada"	NA	Seawater samples were filtered through a 0.22 痠 PVDF Sterivex sterile filter capsule to capture eDNA and DNA-containing particulates using a peristaltic pump.	1	NA	0.1	L/min	NA	NA	0.2	NA	1000	PVDF	Sterivex SVGV010RS	NA	NA	NA	NA	NA	NA	NA	NA	NA	1000	mL	physical | chemical	column-based	https://doi.org/10.5281/zenodo.22893376	Zymo Research ZymoBIOMICS DNA Miniprep Kit	This protocol is used to extract genomic DNA from 0.22-um sterivex filters using Zymo Research ZymoBIOMICS DNA Miniprep Kit. Modifications from manufacturers protocol are described here: https://doi.org/10.5281/zenodo.22893376	0	NA	53	ng/無	Qubit 2.0 Fluorometer (Invitrogen)	Pycno	Detected
CMIC790-2	sample	Hakai-Pycno-2025_CMIC790	CMIC790	NA	NA	-128.094151	51.64854188	North East Pacific Ocean [GAZ:00013765]	2022-10-05T00:00:00	2022-10-05	marine biome [ENVO:00000447]	marine benthic biome [ENVO:01000024]	sea water [ENVO:00002149]	1	https://dx.doi.org/10.17504/protocols.io.rm7vzjxrrlx1/v1	bottle	1000	mL	-80	Sucrose Lysis Buffer	NA	"Hakai Institute, Quadra Island ,BC Canada"	"Hakai Institute, Quadra Island ,BC Canada"	NA	Seawater samples were filtered through a 0.22 痠 PVDF Sterivex sterile filter capsule to capture eDNA and DNA-containing particulates using a peristaltic pump.	1	NA	0.1	L/min	NA	NA	0.2	NA	1000	PVDF	Sterivex SVGV010RS	NA	NA	NA	NA	NA	NA	NA	NA	NA	1000	mL	physical | chemical	column-based	https://doi.org/10.5281/zenodo.22893376	Zymo Research ZymoBIOMICS DNA Miniprep Kit	This protocol is used to extract genomic DNA from 0.22-um sterivex filters using Zymo Research ZymoBIOMICS DNA Miniprep Kit. Modifications from manufacturers protocol are described here: https://doi.org/10.5281/zenodo.22893376	0	NA	53	ng/無	Qubit 2.0 Fluorometer (Invitrogen)	Pycno	Detected
CMIC790-3	sample	Hakai-Pycno-2025_CMIC790	CMIC790	NA	NA	-128.094151	51.64854188	North East Pacific Ocean [GAZ:00013765]	2022-10-05T00:00:00	2022-10-05	marine biome [ENVO:00000447]	marine benthic biome [ENVO:01000024]	sea water [ENVO:00002149]	1	https://dx.doi.org/10.17504/protocols.io.rm7vzjxrrlx1/v1	bottle	1000	mL	-80	Sucrose Lysis Buffer	NA	"Hakai Institute, Quadra Island ,BC Canada"	"Hakai Institute, Quadra Island ,BC Canada"	NA	Seawater samples were filtered through a 0.22 痠 PVDF Sterivex sterile filter capsule to capture eDNA and DNA-containing particulates using a peristaltic pump.	1	NA	0.1	L/min	NA	NA	0.2	NA	1000	PVDF	Sterivex SVGV010RS	NA	NA	NA	NA	NA	NA	NA	NA	NA	1000	mL	physical | chemical	column-based	https://doi.org/10.5281/zenodo.22893376	Zymo Research ZymoBIOMICS DNA Miniprep Kit	This protocol is used to extract genomic DNA from 0.22-um sterivex filters using Zymo Research ZymoBIOMICS DNA Miniprep Kit. Modifications from manufacturers protocol are described here: https://doi.org/10.5281/zenodo.22893376	0	NA	53	ng/無	Qubit 2.0 Fluorometer (Invitrogen)	Pycno	Detected
CMIC791-1	sample	Hakai-Pycno-2025_CMIC791	CMIC791	NA	NA	-128.1127092	51.65812538	North East Pacific Ocean [GAZ:00013765]	2022-10-05T00:00:00	2022-10-05	marine biome [ENVO:00000447]	marine benthic biome [ENVO:01000024]	sea water [ENVO:00002149]	1	https://dx.doi.org/10.17504/protocols.io.rm7vzjxrrlx1/v1	bottle	1000	mL	-80	Sucrose Lysis Buffer	NA	"Hakai Institute, Quadra Island ,BC Canada"	"Hakai Institute, Quadra Island ,BC Canada"	NA	Seawater samples were filtered through a 0.22 痠 PVDF Sterivex sterile filter capsule to capture eDNA and DNA-containing particulates using a peristaltic pump.	1	NA	0.1	L/min	NA	NA	0.2	NA	1000	PVDF	Sterivex SVGV010RS	NA	NA	NA	NA	NA	NA	NA	NA	NA	1000	mL	physical | chemical	column-based	https://doi.org/10.5281/zenodo.22893376	Zymo Research ZymoBIOMICS DNA Miniprep Kit	This protocol is used to extract genomic DNA from 0.22-um sterivex filters using Zymo Research ZymoBIOMICS DNA Miniprep Kit. Modifications from manufacturers protocol are described here: https://doi.org/10.5281/zenodo.22893376	0	NA	11.6	ng/無	Qubit 2.0 Fluorometer (Invitrogen)	Pycno	Detected
CMIC791-2	sample	Hakai-Pycno-2025_CMIC791	CMIC791	NA	NA	-128.1127092	51.65812538	North East Pacific Ocean [GAZ:00013765]	2022-10-05T00:00:00	2022-10-05	marine biome [ENVO:00000447]	marine benthic biome [ENVO:01000024]	sea water [ENVO:00002149]	1	https://dx.doi.org/10.17504/protocols.io.rm7vzjxrrlx1/v1	bottle	1000	mL	-80	Sucrose Lysis Buffer	NA	"Hakai Institute, Quadra Island ,BC Canada"	"Hakai Institute, Quadra Island ,BC Canada"	NA	Seawater samples were filtered through a 0.22 痠 PVDF Sterivex sterile filter capsule to capture eDNA and DNA-containing particulates using a peristaltic pump.	1	NA	0.1	L/min	NA	NA	0.2	NA	1000	PVDF	Sterivex SVGV010RS	NA	NA	NA	NA	NA	NA	NA	NA	NA	1000	mL	physical | chemical	column-based	https://doi.org/10.5281/zenodo.22893376	Zymo Research ZymoBIOMICS DNA Miniprep Kit	This protocol is used to extract genomic DNA from 0.22-um sterivex filters using Zymo Research ZymoBIOMICS DNA Miniprep Kit. Modifications from manufacturers protocol are described here: https://doi.org/10.5281/zenodo.22893376	0	NA	11.6	ng/無	Qubit 2.0 Fluorometer (Invitrogen)	Pycno	Detected
CMIC791-3	sample	Hakai-Pycno-2025_CMIC791	CMIC791	NA	NA	-128.1127092	51.65812538	North East Pacific Ocean [GAZ:00013765]	2022-10-05T00:00:00	2022-10-05	marine biome [ENVO:00000447]	marine benthic biome [ENVO:01000024]	sea water [ENVO:00002149]	1	https://dx.doi.org/10.17504/protocols.io.rm7vzjxrrlx1/v1	bottle	1000	mL	-80	Sucrose Lysis Buffer	NA	"Hakai Institute, Quadra Island ,BC Canada"	"Hakai Institute, Quadra Island ,BC Canada"	NA	Seawater samples were filtered through a 0.22 痠 PVDF Sterivex sterile filter capsule to capture eDNA and DNA-containing particulates using a peristaltic pump.	1	NA	0.1	L/min	NA	NA	0.2	NA	1000	PVDF	Sterivex SVGV010RS	NA	NA	NA	NA	NA	NA	NA	NA	NA	1000	mL	physical | chemical	column-based	https://doi.org/10.5281/zenodo.22893376	Zymo Research ZymoBIOMICS DNA Miniprep Kit	This protocol is used to extract genomic DNA from 0.22-um sterivex filters using Zymo Research ZymoBIOMICS DNA Miniprep Kit. Modifications from manufacturers protocol are described here: https://doi.org/10.5281/zenodo.22893376	0	NA	11.6	ng/無	Qubit 2.0 Fluorometer (Invitrogen)	Pycno	Detected
CMIC792-1	sample	Hakai-Pycno-2025_CMIC792	CMIC792	NA	NA	-128.1204474	51.65284214	North East Pacific Ocean [GAZ:00013765]	2022-10-05T00:00:00	2022-10-05	marine biome [ENVO:00000447]	marine benthic biome [ENVO:01000024]	sea water [ENVO:00002149]	1	https://dx.doi.org/10.17504/protocols.io.rm7vzjxrrlx1/v1	bottle	1000	mL	-80	Sucrose Lysis Buffer	NA	"Hakai Institute, Quadra Island ,BC Canada"	"Hakai Institute, Quadra Island ,BC Canada"	NA	Seawater samples were filtered through a 0.22 痠 PVDF Sterivex sterile filter capsule to capture eDNA and DNA-containing particulates using a peristaltic pump.	1	NA	0.1	L/min	NA	NA	0.2	NA	1000	PVDF	Sterivex SVGV010RS	NA	NA	NA	NA	NA	NA	NA	NA	NA	1000	mL	physical | chemical	column-based	https://doi.org/10.5281/zenodo.22893376	Zymo Research ZymoBIOMICS DNA Miniprep Kit	This protocol is used to extract genomic DNA from 0.22-um sterivex filters using Zymo Research ZymoBIOMICS DNA Miniprep Kit. Modifications from manufacturers protocol are described here: https://doi.org/10.5281/zenodo.22893376	0	NA	25.8	ng/無	Qubit 2.0 Fluorometer (Invitrogen)	Pycno	Detected
CMIC792-2	sample	Hakai-Pycno-2025_CMIC792	CMIC792	NA	NA	-128.1204474	51.65284214	North East Pacific Ocean [GAZ:00013765]	2022-10-05T00:00:00	2022-10-05	marine biome [ENVO:00000447]	marine benthic biome [ENVO:01000024]	sea water [ENVO:00002149]	1	https://dx.doi.org/10.17504/protocols.io.rm7vzjxrrlx1/v1	bottle	1000	mL	-80	Sucrose Lysis Buffer	NA	"Hakai Institute, Quadra Island ,BC Canada"	"Hakai Institute, Quadra Island ,BC Canada"	NA	Seawater samples were filtered through a 0.22 痠 PVDF Sterivex sterile filter capsule to capture eDNA and DNA-containing particulates using a peristaltic pump.	1	NA	0.1	L/min	NA	NA	0.2	NA	1000	PVDF	Sterivex SVGV010RS	NA	NA	NA	NA	NA	NA	NA	NA	NA	1000	mL	physical | chemical	column-based	https://doi.org/10.5281/zenodo.22893376	Zymo Research ZymoBIOMICS DNA Miniprep Kit	This protocol is used to extract genomic DNA from 0.22-um sterivex filters using Zymo Research ZymoBIOMICS DNA Miniprep Kit. Modifications from manufacturers protocol are described here: https://doi.org/10.5281/zenodo.22893376	0	NA	25.8	ng/無	Qubit 2.0 Fluorometer (Invitrogen)	Pycno	Detected
CMIC792-3	sample	Hakai-Pycno-2025_CMIC792	CMIC792	NA	NA	-128.1204474	51.65284214	North East Pacific Ocean [GAZ:00013765]	2022-10-05T00:00:00	2022-10-05	marine biome [ENVO:00000447]	marine benthic biome [ENVO:01000024]	sea water [ENVO:00002149]	1	https://dx.doi.org/10.17504/protocols.io.rm7vzjxrrlx1/v1	bottle	1000	mL	-80	Sucrose Lysis Buffer	NA	"Hakai Institute, Quadra Island ,BC Canada"	"Hakai Institute, Quadra Island ,BC Canada"	NA	Seawater samples were filtered through a 0.22 痠 PVDF Sterivex sterile filter capsule to capture eDNA and DNA-containing particulates using a peristaltic pump.	1	NA	0.1	L/min	NA	NA	0.2	NA	1000	PVDF	Sterivex SVGV010RS	NA	NA	NA	NA	NA	NA	NA	NA	NA	1000	mL	physical | chemical	column-based	https://doi.org/10.5281/zenodo.22893376	Zymo Research ZymoBIOMICS DNA Miniprep Kit	This protocol is used to extract genomic DNA from 0.22-um sterivex filters using Zymo Research ZymoBIOMICS DNA Miniprep Kit. Modifications from manufacturers protocol are described here: https://doi.org/10.5281/zenodo.22893376	0	NA	25.8	ng/無	Qubit 2.0 Fluorometer (Invitrogen)	Pycno	Detected
CMIC793-1	sample	Hakai-Pycno-2025_CMIC793	CMIC793	NA	NA	-127.71152	51.9652611	North East Pacific Ocean [GAZ:00013765]	2022-10-06T00:00:00	2022-10-06	marine biome [ENVO:00000447]	marine benthic biome [ENVO:01000024]	sea water [ENVO:00002149]	1	https://dx.doi.org/10.17504/protocols.io.rm7vzjxrrlx1/v1	bottle	1000	mL	-80	Sucrose Lysis Buffer	NA	"Hakai Institute, Quadra Island ,BC Canada"	"Hakai Institute, Quadra Island ,BC Canada"	NA	Seawater samples were filtered through a 0.22 痠 PVDF Sterivex sterile filter capsule to capture eDNA and DNA-containing particulates using a peristaltic pump.	1	NA	0.1	L/min	NA	NA	0.2	NA	1000	PVDF	Sterivex SVGV010RS	NA	NA	NA	NA	NA	NA	NA	NA	NA	1000	mL	physical | chemical	column-based	https://doi.org/10.5281/zenodo.22893376	Zymo Research ZymoBIOMICS DNA Miniprep Kit	This protocol is used to extract genomic DNA from 0.22-um sterivex filters using Zymo Research ZymoBIOMICS DNA Miniprep Kit. Modifications from manufacturers protocol are described here: https://doi.org/10.5281/zenodo.22893376	0	NA	29.8	ng/無	Qubit 2.0 Fluorometer (Invitrogen)	Pycno	Detected
CMIC793-2	sample	Hakai-Pycno-2025_CMIC793	CMIC793	NA	NA	-127.71152	51.9652611	North East Pacific Ocean [GAZ:00013765]	2022-10-06T00:00:00	2022-10-06	marine biome [ENVO:00000447]	marine benthic biome [ENVO:01000024]	sea water [ENVO:00002149]	1	https://dx.doi.org/10.17504/protocols.io.rm7vzjxrrlx1/v1	bottle	1000	mL	-80	Sucrose Lysis Buffer	NA	"Hakai Institute, Quadra Island ,BC Canada"	"Hakai Institute, Quadra Island ,BC Canada"	NA	Seawater samples were filtered through a 0.22 痠 PVDF Sterivex sterile filter capsule to capture eDNA and DNA-containing particulates using a peristaltic pump.	1	NA	0.1	L/min	NA	NA	0.2	NA	1000	PVDF	Sterivex SVGV010RS	NA	NA	NA	NA	NA	NA	NA	NA	NA	1000	mL	physical | chemical	column-based	https://doi.org/10.5281/zenodo.22893376	Zymo Research ZymoBIOMICS DNA Miniprep Kit	This protocol is used to extract genomic DNA from 0.22-um sterivex filters using Zymo Research ZymoBIOMICS DNA Miniprep Kit. Modifications from manufacturers protocol are described here: https://doi.org/10.5281/zenodo.22893376	0	NA	29.8	ng/無	Qubit 2.0 Fluorometer (Invitrogen)	Pycno	Detected
CMIC793-3	sample	Hakai-Pycno-2025_CMIC793	CMIC793	NA	NA	-127.71152	51.9652611	North East Pacific Ocean [GAZ:00013765]	2022-10-06T00:00:00	2022-10-06	marine biome [ENVO:00000447]	marine benthic biome [ENVO:01000024]	sea water [ENVO:00002149]	1	https://dx.doi.org/10.17504/protocols.io.rm7vzjxrrlx1/v1	bottle	1000	mL	-80	Sucrose Lysis Buffer	NA	"Hakai Institute, Quadra Island ,BC Canada"	"Hakai Institute, Quadra Island ,BC Canada"	NA	Seawater samples were filtered through a 0.22 痠 PVDF Sterivex sterile filter capsule to capture eDNA and DNA-containing particulates using a peristaltic pump.	1	NA	0.1	L/min	NA	NA	0.2	NA	1000	PVDF	Sterivex SVGV010RS	NA	NA	NA	NA	NA	NA	NA	NA	NA	1000	mL	physical | chemical	column-based	https://doi.org/10.5281/zenodo.22893376	Zymo Research ZymoBIOMICS DNA Miniprep Kit	This protocol is used to extract genomic DNA from 0.22-um sterivex filters using Zymo Research ZymoBIOMICS DNA Miniprep Kit. Modifications from manufacturers protocol are described here: https://doi.org/10.5281/zenodo.22893376	0	NA	29.8	ng/無	Qubit 2.0 Fluorometer (Invitrogen)	Pycno	Detected
CMIC794-1	sample	Hakai-Pycno-2025_CMIC794	CMIC794	NA	NA	-127.88845	51.9258389	North East Pacific Ocean [GAZ:00013765]	2022-10-06T00:00:00	2022-10-06	marine biome [ENVO:00000447]	marine benthic biome [ENVO:01000024]	sea water [ENVO:00002149]	1	https://dx.doi.org/10.17504/protocols.io.rm7vzjxrrlx1/v1	bottle	1000	mL	-80	Sucrose Lysis Buffer	NA	"Hakai Institute, Quadra Island ,BC Canada"	"Hakai Institute, Quadra Island ,BC Canada"	NA	Seawater samples were filtered through a 0.22 痠 PVDF Sterivex sterile filter capsule to capture eDNA and DNA-containing particulates using a peristaltic pump.	1	NA	0.1	L/min	NA	NA	0.2	NA	1000	PVDF	Sterivex SVGV010RS	NA	NA	NA	NA	NA	NA	NA	NA	NA	1000	mL	physical | chemical	column-based	https://doi.org/10.5281/zenodo.22893376	Zymo Research ZymoBIOMICS DNA Miniprep Kit	This protocol is used to extract genomic DNA from 0.22-um sterivex filters using Zymo Research ZymoBIOMICS DNA Miniprep Kit. Modifications from manufacturers protocol are described here: https://doi.org/10.5281/zenodo.22893376	0	NA	24.8	ng/無	Qubit 2.0 Fluorometer (Invitrogen)	Pycno	Detected
CMIC794-2	sample	Hakai-Pycno-2025_CMIC794	CMIC794	NA	NA	-127.88845	51.9258389	North East Pacific Ocean [GAZ:00013765]	2022-10-06T00:00:00	2022-10-06	marine biome [ENVO:00000447]	marine benthic biome [ENVO:01000024]	sea water [ENVO:00002149]	1	https://dx.doi.org/10.17504/protocols.io.rm7vzjxrrlx1/v1	bottle	1000	mL	-80	Sucrose Lysis Buffer	NA	"Hakai Institute, Quadra Island ,BC Canada"	"Hakai Institute, Quadra Island ,BC Canada"	NA	Seawater samples were filtered through a 0.22 痠 PVDF Sterivex sterile filter capsule to capture eDNA and DNA-containing particulates using a peristaltic pump.	1	NA	0.1	L/min	NA	NA	0.2	NA	1000	PVDF	Sterivex SVGV010RS	NA	NA	NA	NA	NA	NA	NA	NA	NA	1000	mL	physical | chemical	column-based	https://doi.org/10.5281/zenodo.22893376	Zymo Research ZymoBIOMICS DNA Miniprep Kit	This protocol is used to extract genomic DNA from 0.22-um sterivex filters using Zymo Research ZymoBIOMICS DNA Miniprep Kit. Modifications from manufacturers protocol are described here: https://doi.org/10.5281/zenodo.22893376	0	NA	24.8	ng/無	Qubit 2.0 Fluorometer (Invitrogen)	Pycno	Detected
CMIC794-3	sample	Hakai-Pycno-2025_CMIC794	CMIC794	NA	NA	-127.88845	51.9258389	North East Pacific Ocean [GAZ:00013765]	2022-10-06T00:00:00	2022-10-06	marine biome [ENVO:00000447]	marine benthic biome [ENVO:01000024]	sea water [ENVO:00002149]	1	https://dx.doi.org/10.17504/protocols.io.rm7vzjxrrlx1/v1	bottle	1000	mL	-80	Sucrose Lysis Buffer	NA	"Hakai Institute, Quadra Island ,BC Canada"	"Hakai Institute, Quadra Island ,BC Canada"	NA	Seawater samples were filtered through a 0.22 痠 PVDF Sterivex sterile filter capsule to capture eDNA and DNA-containing particulates using a peristaltic pump.	1	NA	0.1	L/min	NA	NA	0.2	NA	1000	PVDF	Sterivex SVGV010RS	NA	NA	NA	NA	NA	NA	NA	NA	NA	1000	mL	physical | chemical	column-based	https://doi.org/10.5281/zenodo.22893376	Zymo Research ZymoBIOMICS DNA Miniprep Kit	This protocol is used to extract genomic DNA from 0.22-um sterivex filters using Zymo Research ZymoBIOMICS DNA Miniprep Kit. Modifications from manufacturers protocol are described here: https://doi.org/10.5281/zenodo.22893376	0	NA	24.8	ng/無	Qubit 2.0 Fluorometer (Invitrogen)	Pycno	Detected
CMIC795-1	sample	Hakai-Pycno-2025_CMIC795	CMIC795	NA	NA	-127.8827169	51.70320511	North East Pacific Ocean [GAZ:00013765]	2022-10-07T00:00:00	2022-10-07	marine biome [ENVO:00000447]	marine benthic biome [ENVO:01000024]	sea water [ENVO:00002149]	1	https://dx.doi.org/10.17504/protocols.io.rm7vzjxrrlx1/v1	bottle	1000	mL	-80	Sucrose Lysis Buffer	NA	"Hakai Institute, Quadra Island ,BC Canada"	"Hakai Institute, Quadra Island ,BC Canada"	NA	Seawater samples were filtered through a 0.22 痠 PVDF Sterivex sterile filter capsule to capture eDNA and DNA-containing particulates using a peristaltic pump.	1	NA	0.1	L/min	NA	NA	0.2	NA	1000	PVDF	Sterivex SVGV010RS	NA	NA	NA	NA	NA	NA	NA	NA	NA	1000	mL	physical | chemical	column-based	https://doi.org/10.5281/zenodo.22893376	Zymo Research ZymoBIOMICS DNA Miniprep Kit	This protocol is used to extract genomic DNA from 0.22-um sterivex filters using Zymo Research ZymoBIOMICS DNA Miniprep Kit. Modifications from manufacturers protocol are described here: https://doi.org/10.5281/zenodo.22893376	0	NA	45.4	ng/無	Qubit 2.0 Fluorometer (Invitrogen)	Pycno	Detected
CMIC795-2	sample	Hakai-Pycno-2025_CMIC795	CMIC795	NA	NA	-127.8827169	51.70320511	North East Pacific Ocean [GAZ:00013765]	2022-10-07T00:00:00	2022-10-07	marine biome [ENVO:00000447]	marine benthic biome [ENVO:01000024]	sea water [ENVO:00002149]	1	https://dx.doi.org/10.17504/protocols.io.rm7vzjxrrlx1/v1	bottle	1000	mL	-80	Sucrose Lysis Buffer	NA	"Hakai Institute, Quadra Island ,BC Canada"	"Hakai Institute, Quadra Island ,BC Canada"	NA	Seawater samples were filtered through a 0.22 痠 PVDF Sterivex sterile filter capsule to capture eDNA and DNA-containing particulates using a peristaltic pump.	1	NA	0.1	L/min	NA	NA	0.2	NA	1000	PVDF	Sterivex SVGV010RS	NA	NA	NA	NA	NA	NA	NA	NA	NA	1000	mL	physical | chemical	column-based	https://doi.org/10.5281/zenodo.22893376	Zymo Research ZymoBIOMICS DNA Miniprep Kit	This protocol is used to extract genomic DNA from 0.22-um sterivex filters using Zymo Research ZymoBIOMICS DNA Miniprep Kit. Modifications from manufacturers protocol are described here: https://doi.org/10.5281/zenodo.22893376	0	NA	45.4	ng/無	Qubit 2.0 Fluorometer (Invitrogen)	Pycno	Detected
CMIC795-3	sample	Hakai-Pycno-2025_CMIC795	CMIC795	NA	NA	-127.8827169	51.70320511	North East Pacific Ocean [GAZ:00013765]	2022-10-07T00:00:00	2022-10-07	marine biome [ENVO:00000447]	marine benthic biome [ENVO:01000024]	sea water [ENVO:00002149]	1	https://dx.doi.org/10.17504/protocols.io.rm7vzjxrrlx1/v1	bottle	1000	mL	-80	Sucrose Lysis Buffer	NA	"Hakai Institute, Quadra Island ,BC Canada"	"Hakai Institute, Quadra Island ,BC Canada"	NA	Seawater samples were filtered through a 0.22 痠 PVDF Sterivex sterile filter capsule to capture eDNA and DNA-containing particulates using a peristaltic pump.	1	NA	0.1	L/min	NA	NA	0.2	NA	1000	PVDF	Sterivex SVGV010RS	NA	NA	NA	NA	NA	NA	NA	NA	NA	1000	mL	physical | chemical	column-based	https://doi.org/10.5281/zenodo.22893376	Zymo Research ZymoBIOMICS DNA Miniprep Kit	This protocol is used to extract genomic DNA from 0.22-um sterivex filters using Zymo Research ZymoBIOMICS DNA Miniprep Kit. Modifications from manufacturers protocol are described here: https://doi.org/10.5281/zenodo.22893376	0	NA	45.4	ng/無	Qubit 2.0 Fluorometer (Invitrogen)	Pycno	Detected
CMIC796-1	sample	Hakai-Pycno-2025_CMIC796	CMIC796	NA	NA	-127.43015	51.7700497	North East Pacific Ocean [GAZ:00013765]	2022-10-08T00:00:00	2022-10-08	marine biome [ENVO:00000447]	marine benthic biome [ENVO:01000024]	sea water [ENVO:00002149]	1	https://dx.doi.org/10.17504/protocols.io.rm7vzjxrrlx1/v1	bottle	1000	mL	-80	Sucrose Lysis Buffer	NA	"Hakai Institute, Quadra Island ,BC Canada"	"Hakai Institute, Quadra Island ,BC Canada"	NA	Seawater samples were filtered through a 0.22 痠 PVDF Sterivex sterile filter capsule to capture eDNA and DNA-containing particulates using a peristaltic pump.	1	NA	0.1	L/min	NA	NA	0.2	NA	1000	PVDF	Sterivex SVGV010RS	NA	NA	NA	NA	NA	NA	NA	NA	NA	1000	mL	physical | chemical	column-based	https://doi.org/10.5281/zenodo.22893376	Zymo Research ZymoBIOMICS DNA Miniprep Kit	This protocol is used to extract genomic DNA from 0.22-um sterivex filters using Zymo Research ZymoBIOMICS DNA Miniprep Kit. Modifications from manufacturers protocol are described here: https://doi.org/10.5281/zenodo.22893376	0	NA	2.91	ng/無	Qubit 2.0 Fluorometer (Invitrogen)	Pycno	Detected
CMIC796-2	sample	Hakai-Pycno-2025_CMIC796	CMIC796	NA	NA	-127.43015	51.7700497	North East Pacific Ocean [GAZ:00013765]	2022-10-08T00:00:00	2022-10-08	marine biome [ENVO:00000447]	marine benthic biome [ENVO:01000024]	sea water [ENVO:00002149]	1	https://dx.doi.org/10.17504/protocols.io.rm7vzjxrrlx1/v1	bottle	1000	mL	-80	Sucrose Lysis Buffer	NA	"Hakai Institute, Quadra Island ,BC Canada"	"Hakai Institute, Quadra Island ,BC Canada"	NA	Seawater samples were filtered through a 0.22 痠 PVDF Sterivex sterile filter capsule to capture eDNA and DNA-containing particulates using a peristaltic pump.	1	NA	0.1	L/min	NA	NA	0.2	NA	1000	PVDF	Sterivex SVGV010RS	NA	NA	NA	NA	NA	NA	NA	NA	NA	1000	mL	physical | chemical	column-based	https://doi.org/10.5281/zenodo.22893376	Zymo Research ZymoBIOMICS DNA Miniprep Kit	This protocol is used to extract genomic DNA from 0.22-um sterivex filters using Zymo Research ZymoBIOMICS DNA Miniprep Kit. Modifications from manufacturers protocol are described here: https://doi.org/10.5281/zenodo.22893376	0	NA	2.91	ng/無	Qubit 2.0 Fluorometer (Invitrogen)	Pycno	Detected
CMIC796-3	sample	Hakai-Pycno-2025_CMIC796	CMIC796	NA	NA	-127.43015	51.7700497	North East Pacific Ocean [GAZ:00013765]	2022-10-08T00:00:00	2022-10-08	marine biome [ENVO:00000447]	marine benthic biome [ENVO:01000024]	sea water [ENVO:00002149]	1	https://dx.doi.org/10.17504/protocols.io.rm7vzjxrrlx1/v1	bottle	1000	mL	-80	Sucrose Lysis Buffer	NA	"Hakai Institute, Quadra Island ,BC Canada"	"Hakai Institute, Quadra Island ,BC Canada"	NA	Seawater samples were filtered through a 0.22 痠 PVDF Sterivex sterile filter capsule to capture eDNA and DNA-containing particulates using a peristaltic pump.	1	NA	0.1	L/min	NA	NA	0.2	NA	1000	PVDF	Sterivex SVGV010RS	NA	NA	NA	NA	NA	NA	NA	NA	NA	1000	mL	physical | chemical	column-based	https://doi.org/10.5281/zenodo.22893376	Zymo Research ZymoBIOMICS DNA Miniprep Kit	This protocol is used to extract genomic DNA from 0.22-um sterivex filters using Zymo Research ZymoBIOMICS DNA Miniprep Kit. Modifications from manufacturers protocol are described here: https://doi.org/10.5281/zenodo.22893376	0	NA	2.91	ng/無	Qubit 2.0 Fluorometer (Invitrogen)	Pycno	Detected
CMIC797-1	sample	Hakai-Pycno-2025_CMIC797	CMIC797	NA	NA	-127.5598	51.5396992	North East Pacific Ocean [GAZ:00013765]	2022-10-08T00:00:00	2022-10-08	marine biome [ENVO:00000447]	marine benthic biome [ENVO:01000024]	sea water [ENVO:00002149]	1	https://dx.doi.org/10.17504/protocols.io.rm7vzjxrrlx1/v1	bottle	1000	mL	-80	Sucrose Lysis Buffer	NA	"Hakai Institute, Quadra Island ,BC Canada"	"Hakai Institute, Quadra Island ,BC Canada"	NA	Seawater samples were filtered through a 0.22 痠 PVDF Sterivex sterile filter capsule to capture eDNA and DNA-containing particulates using a peristaltic pump.	1	NA	0.1	L/min	NA	NA	0.2	NA	1000	PVDF	Sterivex SVGV010RS	NA	NA	NA	NA	NA	NA	NA	NA	NA	1000	mL	physical | chemical	column-based	https://doi.org/10.5281/zenodo.22893376	Zymo Research ZymoBIOMICS DNA Miniprep Kit	This protocol is used to extract genomic DNA from 0.22-um sterivex filters using Zymo Research ZymoBIOMICS DNA Miniprep Kit. Modifications from manufacturers protocol are described here: https://doi.org/10.5281/zenodo.22893376	0	NA	35.2	ng/無	Qubit 2.0 Fluorometer (Invitrogen)	Pycno	Detected
CMIC797-2	sample	Hakai-Pycno-2025_CMIC797	CMIC797	NA	NA	-127.5598	51.5396992	North East Pacific Ocean [GAZ:00013765]	2022-10-08T00:00:00	2022-10-08	marine biome [ENVO:00000447]	marine benthic biome [ENVO:01000024]	sea water [ENVO:00002149]	1	https://dx.doi.org/10.17504/protocols.io.rm7vzjxrrlx1/v1	bottle	1000	mL	-80	Sucrose Lysis Buffer	NA	"Hakai Institute, Quadra Island ,BC Canada"	"Hakai Institute, Quadra Island ,BC Canada"	NA	Seawater samples were filtered through a 0.22 痠 PVDF Sterivex sterile filter capsule to capture eDNA and DNA-containing particulates using a peristaltic pump.	1	NA	0.1	L/min	NA	NA	0.2	NA	1000	PVDF	Sterivex SVGV010RS	NA	NA	NA	NA	NA	NA	NA	NA	NA	1000	mL	physical | chemical	column-based	https://doi.org/10.5281/zenodo.22893376	Zymo Research ZymoBIOMICS DNA Miniprep Kit	This protocol is used to extract genomic DNA from 0.22-um sterivex filters using Zymo Research ZymoBIOMICS DNA Miniprep Kit. Modifications from manufacturers protocol are described here: https://doi.org/10.5281/zenodo.22893376	0	NA	35.2	ng/無	Qubit 2.0 Fluorometer (Invitrogen)	Pycno	Detected
CMIC797-3	sample	Hakai-Pycno-2025_CMIC797	CMIC797	NA	NA	-127.5598	51.5396992	North East Pacific Ocean [GAZ:00013765]	2022-10-08T00:00:00	2022-10-08	marine biome [ENVO:00000447]	marine benthic biome [ENVO:01000024]	sea water [ENVO:00002149]	1	https://dx.doi.org/10.17504/protocols.io.rm7vzjxrrlx1/v1	bottle	1000	mL	-80	Sucrose Lysis Buffer	NA	"Hakai Institute, Quadra Island ,BC Canada"	"Hakai Institute, Quadra Island ,BC Canada"	NA	Seawater samples were filtered through a 0.22 痠 PVDF Sterivex sterile filter capsule to capture eDNA and DNA-containing particulates using a peristaltic pump.	1	NA	0.1	L/min	NA	NA	0.2	NA	1000	PVDF	Sterivex SVGV010RS	NA	NA	NA	NA	NA	NA	NA	NA	NA	1000	mL	physical | chemical	column-based	https://doi.org/10.5281/zenodo.22893376	Zymo Research ZymoBIOMICS DNA Miniprep Kit	This protocol is used to extract genomic DNA from 0.22-um sterivex filters using Zymo Research ZymoBIOMICS DNA Miniprep Kit. Modifications from manufacturers protocol are described here: https://doi.org/10.5281/zenodo.22893376	0	NA	35.2	ng/無	Qubit 2.0 Fluorometer (Invitrogen)	Pycno	Detected
CMIC798-1	sample	Hakai-Pycno-2025_CMIC798	CMIC798	NA	NA	-127.3912655	51.65392208	North East Pacific Ocean [GAZ:00013765]	2022-10-08T00:00:00	2022-10-08	marine biome [ENVO:00000447]	marine benthic biome [ENVO:01000024]	sea water [ENVO:00002149]	1	https://dx.doi.org/10.17504/protocols.io.rm7vzjxrrlx1/v1	bottle	1000	mL	-80	Sucrose Lysis Buffer	NA	"Hakai Institute, Quadra Island ,BC Canada"	"Hakai Institute, Quadra Island ,BC Canada"	NA	Seawater samples were filtered through a 0.22 痠 PVDF Sterivex sterile filter capsule to capture eDNA and DNA-containing particulates using a peristaltic pump.	1	NA	0.1	L/min	NA	NA	0.2	NA	1000	PVDF	Sterivex SVGV010RS	NA	NA	NA	NA	NA	NA	NA	NA	NA	1000	mL	physical | chemical	column-based	https://doi.org/10.5281/zenodo.22893376	Zymo Research ZymoBIOMICS DNA Miniprep Kit	This protocol is used to extract genomic DNA from 0.22-um sterivex filters using Zymo Research ZymoBIOMICS DNA Miniprep Kit. Modifications from manufacturers protocol are described here: https://doi.org/10.5281/zenodo.22893376	0	NA	>60	ng/無	Qubit 2.0 Fluorometer (Invitrogen)	Pycno	Detected
CMIC798-2	sample	Hakai-Pycno-2025_CMIC798	CMIC798	NA	NA	-127.3912655	51.65392208	North East Pacific Ocean [GAZ:00013765]	2022-10-08T00:00:00	2022-10-08	marine biome [ENVO:00000447]	marine benthic biome [ENVO:01000024]	sea water [ENVO:00002149]	1	https://dx.doi.org/10.17504/protocols.io.rm7vzjxrrlx1/v1	bottle	1000	mL	-80	Sucrose Lysis Buffer	NA	"Hakai Institute, Quadra Island ,BC Canada"	"Hakai Institute, Quadra Island ,BC Canada"	NA	Seawater samples were filtered through a 0.22 痠 PVDF Sterivex sterile filter capsule to capture eDNA and DNA-containing particulates using a peristaltic pump.	1	NA	0.1	L/min	NA	NA	0.2	NA	1000	PVDF	Sterivex SVGV010RS	NA	NA	NA	NA	NA	NA	NA	NA	NA	1000	mL	physical | chemical	column-based	https://doi.org/10.5281/zenodo.22893376	Zymo Research ZymoBIOMICS DNA Miniprep Kit	This protocol is used to extract genomic DNA from 0.22-um sterivex filters using Zymo Research ZymoBIOMICS DNA Miniprep Kit. Modifications from manufacturers protocol are described here: https://doi.org/10.5281/zenodo.22893376	0	NA	>60	ng/無	Qubit 2.0 Fluorometer (Invitrogen)	Pycno	Detected
CMIC798-3	sample	Hakai-Pycno-2025_CMIC798	CMIC798	NA	NA	-127.3912655	51.65392208	North East Pacific Ocean [GAZ:00013765]	2022-10-08T00:00:00	2022-10-08	marine biome [ENVO:00000447]	marine benthic biome [ENVO:01000024]	sea water [ENVO:00002149]	1	https://dx.doi.org/10.17504/protocols.io.rm7vzjxrrlx1/v1	bottle	1000	mL	-80	Sucrose Lysis Buffer	NA	"Hakai Institute, Quadra Island ,BC Canada"	"Hakai Institute, Quadra Island ,BC Canada"	NA	Seawater samples were filtered through a 0.22 痠 PVDF Sterivex sterile filter capsule to capture eDNA and DNA-containing particulates using a peristaltic pump.	1	NA	0.1	L/min	NA	NA	0.2	NA	1000	PVDF	Sterivex SVGV010RS	NA	NA	NA	NA	NA	NA	NA	NA	NA	1000	mL	physical | chemical	column-based	https://doi.org/10.5281/zenodo.22893376	Zymo Research ZymoBIOMICS DNA Miniprep Kit	This protocol is used to extract genomic DNA from 0.22-um sterivex filters using Zymo Research ZymoBIOMICS DNA Miniprep Kit. Modifications from manufacturers protocol are described here: https://doi.org/10.5281/zenodo.22893376	0	NA	>60	ng/無	Qubit 2.0 Fluorometer (Invitrogen)	Pycno	Detected
CMIC799-1	sample	Hakai-Pycno-2025_CMIC799	CMIC799	NA	NA	-128.0512092	51.81054507	North East Pacific Ocean [GAZ:00013765]	2022-10-09T00:00:00	2022-10-09	marine biome [ENVO:00000447]	marine benthic biome [ENVO:01000024]	sea water [ENVO:00002149]	1	https://dx.doi.org/10.17504/protocols.io.rm7vzjxrrlx1/v1	bottle	1000	mL	-80	Sucrose Lysis Buffer	NA	"Hakai Institute, Quadra Island ,BC Canada"	"Hakai Institute, Quadra Island ,BC Canada"	NA	Seawater samples were filtered through a 0.22 痠 PVDF Sterivex sterile filter capsule to capture eDNA and DNA-containing particulates using a peristaltic pump.	1	NA	0.1	L/min	NA	NA	0.2	NA	1000	PVDF	Sterivex SVGV010RS	NA	NA	NA	NA	NA	NA	NA	NA	NA	1000	mL	physical | chemical	column-based	https://doi.org/10.5281/zenodo.22893376	Zymo Research ZymoBIOMICS DNA Miniprep Kit	This protocol is used to extract genomic DNA from 0.22-um sterivex filters using Zymo Research ZymoBIOMICS DNA Miniprep Kit. Modifications from manufacturers protocol are described here: https://doi.org/10.5281/zenodo.22893376	0	NA	30.8	ng/無	Qubit 2.0 Fluorometer (Invitrogen)	Pycno	Detected
CMIC799-2	sample	Hakai-Pycno-2025_CMIC799	CMIC799	NA	NA	-128.0512092	51.81054507	North East Pacific Ocean [GAZ:00013765]	2022-10-09T00:00:00	2022-10-09	marine biome [ENVO:00000447]	marine benthic biome [ENVO:01000024]	sea water [ENVO:00002149]	1	https://dx.doi.org/10.17504/protocols.io.rm7vzjxrrlx1/v1	bottle	1000	mL	-80	Sucrose Lysis Buffer	NA	"Hakai Institute, Quadra Island ,BC Canada"	"Hakai Institute, Quadra Island ,BC Canada"	NA	Seawater samples were filtered through a 0.22 痠 PVDF Sterivex sterile filter capsule to capture eDNA and DNA-containing particulates using a peristaltic pump.	1	NA	0.1	L/min	NA	NA	0.2	NA	1000	PVDF	Sterivex SVGV010RS	NA	NA	NA	NA	NA	NA	NA	NA	NA	1000	mL	physical | chemical	column-based	https://doi.org/10.5281/zenodo.22893376	Zymo Research ZymoBIOMICS DNA Miniprep Kit	This protocol is used to extract genomic DNA from 0.22-um sterivex filters using Zymo Research ZymoBIOMICS DNA Miniprep Kit. Modifications from manufacturers protocol are described here: https://doi.org/10.5281/zenodo.22893376	0	NA	30.8	ng/無	Qubit 2.0 Fluorometer (Invitrogen)	Pycno	Detected
CMIC799-3	sample	Hakai-Pycno-2025_CMIC799	CMIC799	NA	NA	-128.0512092	51.81054507	North East Pacific Ocean [GAZ:00013765]	2022-10-09T00:00:00	2022-10-09	marine biome [ENVO:00000447]	marine benthic biome [ENVO:01000024]	sea water [ENVO:00002149]	1	https://dx.doi.org/10.17504/protocols.io.rm7vzjxrrlx1/v1	bottle	1000	mL	-80	Sucrose Lysis Buffer	NA	"Hakai Institute, Quadra Island ,BC Canada"	"Hakai Institute, Quadra Island ,BC Canada"	NA	Seawater samples were filtered through a 0.22 痠 PVDF Sterivex sterile filter capsule to capture eDNA and DNA-containing particulates using a peristaltic pump.	1	NA	0.1	L/min	NA	NA	0.2	NA	1000	PVDF	Sterivex SVGV010RS	NA	NA	NA	NA	NA	NA	NA	NA	NA	1000	mL	physical | chemical	column-based	https://doi.org/10.5281/zenodo.22893376	Zymo Research ZymoBIOMICS DNA Miniprep Kit	This protocol is used to extract genomic DNA from 0.22-um sterivex filters using Zymo Research ZymoBIOMICS DNA Miniprep Kit. Modifications from manufacturers protocol are described here: https://doi.org/10.5281/zenodo.22893376	0	NA	30.8	ng/無	Qubit 2.0 Fluorometer (Invitrogen)	Pycno	Detected
CMIC800-1	sample	Hakai-Pycno-2025_CMIC800	CMIC800	NA	NA	-128.0528775	51.80212005	North East Pacific Ocean [GAZ:00013765]	2022-10-09T00:00:00	2022-10-09	marine biome [ENVO:00000447]	marine benthic biome [ENVO:01000024]	sea water [ENVO:00002149]	1	https://dx.doi.org/10.17504/protocols.io.rm7vzjxrrlx1/v1	bottle	1000	mL	-80	Sucrose Lysis Buffer	NA	"Hakai Institute, Quadra Island ,BC Canada"	"Hakai Institute, Quadra Island ,BC Canada"	NA	Seawater samples were filtered through a 0.22 痠 PVDF Sterivex sterile filter capsule to capture eDNA and DNA-containing particulates using a peristaltic pump.	1	NA	0.1	L/min	NA	NA	0.2	NA	1000	PVDF	Sterivex SVGV010RS	NA	NA	NA	NA	NA	NA	NA	NA	NA	1000	mL	physical | chemical	column-based	https://doi.org/10.5281/zenodo.22893376	Zymo Research ZymoBIOMICS DNA Miniprep Kit	This protocol is used to extract genomic DNA from 0.22-um sterivex filters using Zymo Research ZymoBIOMICS DNA Miniprep Kit. Modifications from manufacturers protocol are described here: https://doi.org/10.5281/zenodo.22893376	0	NA	50	ng/無	Qubit 2.0 Fluorometer (Invitrogen)	Pycno	Detected
CMIC800-2	sample	Hakai-Pycno-2025_CMIC800	CMIC800	NA	NA	-128.0528775	51.80212005	North East Pacific Ocean [GAZ:00013765]	2022-10-09T00:00:00	2022-10-09	marine biome [ENVO:00000447]	marine benthic biome [ENVO:01000024]	sea water [ENVO:00002149]	1	https://dx.doi.org/10.17504/protocols.io.rm7vzjxrrlx1/v1	bottle	1000	mL	-80	Sucrose Lysis Buffer	NA	"Hakai Institute, Quadra Island ,BC Canada"	"Hakai Institute, Quadra Island ,BC Canada"	NA	Seawater samples were filtered through a 0.22 痠 PVDF Sterivex sterile filter capsule to capture eDNA and DNA-containing particulates using a peristaltic pump.	1	NA	0.1	L/min	NA	NA	0.2	NA	1000	PVDF	Sterivex SVGV010RS	NA	NA	NA	NA	NA	NA	NA	NA	NA	1000	mL	physical | chemical	column-based	https://doi.org/10.5281/zenodo.22893376	Zymo Research ZymoBIOMICS DNA Miniprep Kit	This protocol is used to extract genomic DNA from 0.22-um sterivex filters using Zymo Research ZymoBIOMICS DNA Miniprep Kit. Modifications from manufacturers protocol are described here: https://doi.org/10.5281/zenodo.22893376	0	NA	50	ng/無	Qubit 2.0 Fluorometer (Invitrogen)	Pycno	Detected
CMIC800-3	sample	Hakai-Pycno-2025_CMIC800	CMIC800	NA	NA	-128.0528775	51.80212005	North East Pacific Ocean [GAZ:00013765]	2022-10-09T00:00:00	2022-10-09	marine biome [ENVO:00000447]	marine benthic biome [ENVO:01000024]	sea water [ENVO:00002149]	1	https://dx.doi.org/10.17504/protocols.io.rm7vzjxrrlx1/v1	bottle	1000	mL	-80	Sucrose Lysis Buffer	NA	"Hakai Institute, Quadra Island ,BC Canada"	"Hakai Institute, Quadra Island ,BC Canada"	NA	Seawater samples were filtered through a 0.22 痠 PVDF Sterivex sterile filter capsule to capture eDNA and DNA-containing particulates using a peristaltic pump.	1	NA	0.1	L/min	NA	NA	0.2	NA	1000	PVDF	Sterivex SVGV010RS	NA	NA	NA	NA	NA	NA	NA	NA	NA	1000	mL	physical | chemical	column-based	https://doi.org/10.5281/zenodo.22893376	Zymo Research ZymoBIOMICS DNA Miniprep Kit	This protocol is used to extract genomic DNA from 0.22-um sterivex filters using Zymo Research ZymoBIOMICS DNA Miniprep Kit. Modifications from manufacturers protocol are described here: https://doi.org/10.5281/zenodo.22893376	0	NA	50	ng/無	Qubit 2.0 Fluorometer (Invitrogen)	Pycno	Detected
CMIC801-1	sample	Hakai-Pycno-2025_CMIC801	CMIC801	NA	NA	-128.0591485	51.79903491	North East Pacific Ocean [GAZ:00013765]	2022-10-09T00:00:00	2022-10-09	marine biome [ENVO:00000447]	marine benthic biome [ENVO:01000024]	sea water [ENVO:00002149]	1	https://dx.doi.org/10.17504/protocols.io.rm7vzjxrrlx1/v1	bottle	1000	mL	-80	Sucrose Lysis Buffer	NA	"Hakai Institute, Quadra Island ,BC Canada"	"Hakai Institute, Quadra Island ,BC Canada"	NA	Seawater samples were filtered through a 0.22 痠 PVDF Sterivex sterile filter capsule to capture eDNA and DNA-containing particulates using a peristaltic pump.	1	NA	0.1	L/min	NA	NA	0.2	NA	1000	PVDF	Sterivex SVGV010RS	NA	NA	NA	NA	NA	NA	NA	NA	NA	1000	mL	physical | chemical	column-based	https://doi.org/10.5281/zenodo.22893376	Zymo Research ZymoBIOMICS DNA Miniprep Kit	This protocol is used to extract genomic DNA from 0.22-um sterivex filters using Zymo Research ZymoBIOMICS DNA Miniprep Kit. Modifications from manufacturers protocol are described here: https://doi.org/10.5281/zenodo.22893376	0	NA	27.9	ng/無	Qubit 2.0 Fluorometer (Invitrogen)	Pycno	Detected
CMIC801-2	sample	Hakai-Pycno-2025_CMIC801	CMIC801	NA	NA	-128.0591485	51.79903491	North East Pacific Ocean [GAZ:00013765]	2022-10-09T00:00:00	2022-10-09	marine biome [ENVO:00000447]	marine benthic biome [ENVO:01000024]	sea water [ENVO:00002149]	1	https://dx.doi.org/10.17504/protocols.io.rm7vzjxrrlx1/v1	bottle	1000	mL	-80	Sucrose Lysis Buffer	NA	"Hakai Institute, Quadra Island ,BC Canada"	"Hakai Institute, Quadra Island ,BC Canada"	NA	Seawater samples were filtered through a 0.22 痠 PVDF Sterivex sterile filter capsule to capture eDNA and DNA-containing particulates using a peristaltic pump.	1	NA	0.1	L/min	NA	NA	0.2	NA	1000	PVDF	Sterivex SVGV010RS	NA	NA	NA	NA	NA	NA	NA	NA	NA	1000	mL	physical | chemical	column-based	https://doi.org/10.5281/zenodo.22893376	Zymo Research ZymoBIOMICS DNA Miniprep Kit	This protocol is used to extract genomic DNA from 0.22-um sterivex filters using Zymo Research ZymoBIOMICS DNA Miniprep Kit. Modifications from manufacturers protocol are described here: https://doi.org/10.5281/zenodo.22893376	0	NA	27.9	ng/無	Qubit 2.0 Fluorometer (Invitrogen)	Pycno	Detected
CMIC801-3	sample	Hakai-Pycno-2025_CMIC801	CMIC801	NA	NA	-128.0591485	51.79903491	North East Pacific Ocean [GAZ:00013765]	2022-10-09T00:00:00	2022-10-09	marine biome [ENVO:00000447]	marine benthic biome [ENVO:01000024]	sea water [ENVO:00002149]	1	https://dx.doi.org/10.17504/protocols.io.rm7vzjxrrlx1/v1	bottle	1000	mL	-80	Sucrose Lysis Buffer	NA	"Hakai Institute, Quadra Island ,BC Canada"	"Hakai Institute, Quadra Island ,BC Canada"	NA	Seawater samples were filtered through a 0.22 痠 PVDF Sterivex sterile filter capsule to capture eDNA and DNA-containing particulates using a peristaltic pump.	1	NA	0.1	L/min	NA	NA	0.2	NA	1000	PVDF	Sterivex SVGV010RS	NA	NA	NA	NA	NA	NA	NA	NA	NA	1000	mL	physical | chemical	column-based	https://doi.org/10.5281/zenodo.22893376	Zymo Research ZymoBIOMICS DNA Miniprep Kit	This protocol is used to extract genomic DNA from 0.22-um sterivex filters using Zymo Research ZymoBIOMICS DNA Miniprep Kit. Modifications from manufacturers protocol are described here: https://doi.org/10.5281/zenodo.22893376	0	NA	27.9	ng/無	Qubit 2.0 Fluorometer (Invitrogen)	Pycno	Detected
CMIC802-1	sample	Hakai-Pycno-2025_CMIC802	CMIC802	NA	NA	-128.1194543	51.67482341	North East Pacific Ocean [GAZ:00013765]	2022-10-10T00:00:00	2022-10-10	marine biome [ENVO:00000447]	marine benthic biome [ENVO:01000024]	sea water [ENVO:00002149]	1	https://dx.doi.org/10.17504/protocols.io.rm7vzjxrrlx1/v1	bottle	1000	mL	-80	Sucrose Lysis Buffer	NA	"Hakai Institute, Quadra Island ,BC Canada"	"Hakai Institute, Quadra Island ,BC Canada"	NA	Seawater samples were filtered through a 0.22 痠 PVDF Sterivex sterile filter capsule to capture eDNA and DNA-containing particulates using a peristaltic pump.	1	NA	0.1	L/min	NA	NA	0.2	NA	1000	PVDF	Sterivex SVGV010RS	NA	NA	NA	NA	NA	NA	NA	NA	NA	1000	mL	physical | chemical	column-based	https://doi.org/10.5281/zenodo.22893376	Zymo Research ZymoBIOMICS DNA Miniprep Kit	This protocol is used to extract genomic DNA from 0.22-um sterivex filters using Zymo Research ZymoBIOMICS DNA Miniprep Kit. Modifications from manufacturers protocol are described here: https://doi.org/10.5281/zenodo.22893376	0	NA	33	ng/無	Qubit 2.0 Fluorometer (Invitrogen)	Pycno	Detected
CMIC802-2	sample	Hakai-Pycno-2025_CMIC802	CMIC802	NA	NA	-128.1194543	51.67482341	North East Pacific Ocean [GAZ:00013765]	2022-10-10T00:00:00	2022-10-10	marine biome [ENVO:00000447]	marine benthic biome [ENVO:01000024]	sea water [ENVO:00002149]	1	https://dx.doi.org/10.17504/protocols.io.rm7vzjxrrlx1/v1	bottle	1000	mL	-80	Sucrose Lysis Buffer	NA	"Hakai Institute, Quadra Island ,BC Canada"	"Hakai Institute, Quadra Island ,BC Canada"	NA	Seawater samples were filtered through a 0.22 痠 PVDF Sterivex sterile filter capsule to capture eDNA and DNA-containing particulates using a peristaltic pump.	1	NA	0.1	L/min	NA	NA	0.2	NA	1000	PVDF	Sterivex SVGV010RS	NA	NA	NA	NA	NA	NA	NA	NA	NA	1000	mL	physical | chemical	column-based	https://doi.org/10.5281/zenodo.22893376	Zymo Research ZymoBIOMICS DNA Miniprep Kit	This protocol is used to extract genomic DNA from 0.22-um sterivex filters using Zymo Research ZymoBIOMICS DNA Miniprep Kit. Modifications from manufacturers protocol are described here: https://doi.org/10.5281/zenodo.22893376	0	NA	33	ng/無	Qubit 2.0 Fluorometer (Invitrogen)	Pycno	Detected
CMIC802-3	sample	Hakai-Pycno-2025_CMIC802	CMIC802	NA	NA	-128.1194543	51.67482341	North East Pacific Ocean [GAZ:00013765]	2022-10-10T00:00:00	2022-10-10	marine biome [ENVO:00000447]	marine benthic biome [ENVO:01000024]	sea water [ENVO:00002149]	1	https://dx.doi.org/10.17504/protocols.io.rm7vzjxrrlx1/v1	bottle	1000	mL	-80	Sucrose Lysis Buffer	NA	"Hakai Institute, Quadra Island ,BC Canada"	"Hakai Institute, Quadra Island ,BC Canada"	NA	Seawater samples were filtered through a 0.22 痠 PVDF Sterivex sterile filter capsule to capture eDNA and DNA-containing particulates using a peristaltic pump.	1	NA	0.1	L/min	NA	NA	0.2	NA	1000	PVDF	Sterivex SVGV010RS	NA	NA	NA	NA	NA	NA	NA	NA	NA	1000	mL	physical | chemical	column-based	https://doi.org/10.5281/zenodo.22893376	Zymo Research ZymoBIOMICS DNA Miniprep Kit	This protocol is used to extract genomic DNA from 0.22-um sterivex filters using Zymo Research ZymoBIOMICS DNA Miniprep Kit. Modifications from manufacturers protocol are described here: https://doi.org/10.5281/zenodo.22893376	0	NA	33	ng/無	Qubit 2.0 Fluorometer (Invitrogen)	Pycno	Detected
CMIC806-1	sample	Hakai-Pycno-2025_CMIC806	CMIC806	NA	NA	-128.1194543	51.67482341	North East Pacific Ocean [GAZ:00013765]	2023-05-10T00:00:00	2023-05-10	marine biome [ENVO:00000447]	marine benthic biome [ENVO:01000024]	sea water [ENVO:00002149]	1	https://dx.doi.org/10.17504/protocols.io.rm7vzjxrrlx1/v1	bottle	1000	mL	-80	Sucrose Lysis Buffer	NA	"Hakai Institute, Quadra Island ,BC Canada"	"Hakai Institute, Quadra Island ,BC Canada"	NA	Seawater samples were filtered through a 0.22 痠 PVDF Sterivex sterile filter capsule to capture eDNA and DNA-containing particulates using a peristaltic pump.	1	NA	0.1	L/min	NA	NA	0.2	NA	1000	PVDF	Sterivex SVGV010RS	NA	NA	NA	NA	NA	NA	NA	NA	NA	1000	mL	physical | chemical	column-based	https://doi.org/10.5281/zenodo.22893376	Zymo Research ZymoBIOMICS DNA Miniprep Kit	This protocol is used to extract genomic DNA from 0.22-um sterivex filters using Zymo Research ZymoBIOMICS DNA Miniprep Kit. Modifications from manufacturers protocol are described here: https://doi.org/10.5281/zenodo.22893376	0	NA	4	ng/無	Qubit 2.0 Fluorometer (Invitrogen)	Pycno	Detected
CMIC806-2	sample	Hakai-Pycno-2025_CMIC806	CMIC806	NA	NA	-128.1194543	51.67482341	North East Pacific Ocean [GAZ:00013765]	2023-05-10T00:00:00	2023-05-10	marine biome [ENVO:00000447]	marine benthic biome [ENVO:01000024]	sea water [ENVO:00002149]	1	https://dx.doi.org/10.17504/protocols.io.rm7vzjxrrlx1/v1	bottle	1000	mL	-80	Sucrose Lysis Buffer	NA	"Hakai Institute, Quadra Island ,BC Canada"	"Hakai Institute, Quadra Island ,BC Canada"	NA	Seawater samples were filtered through a 0.22 痠 PVDF Sterivex sterile filter capsule to capture eDNA and DNA-containing particulates using a peristaltic pump.	1	NA	0.1	L/min	NA	NA	0.2	NA	1000	PVDF	Sterivex SVGV010RS	NA	NA	NA	NA	NA	NA	NA	NA	NA	1000	mL	physical | chemical	column-based	https://doi.org/10.5281/zenodo.22893376	Zymo Research ZymoBIOMICS DNA Miniprep Kit	This protocol is used to extract genomic DNA from 0.22-um sterivex filters using Zymo Research ZymoBIOMICS DNA Miniprep Kit. Modifications from manufacturers protocol are described here: https://doi.org/10.5281/zenodo.22893376	0	NA	4	ng/無	Qubit 2.0 Fluorometer (Invitrogen)	Pycno	Detected
CMIC806-3	sample	Hakai-Pycno-2025_CMIC806	CMIC806	NA	NA	-128.1194543	51.67482341	North East Pacific Ocean [GAZ:00013765]	2023-05-10T00:00:00	2023-05-10	marine biome [ENVO:00000447]	marine benthic biome [ENVO:01000024]	sea water [ENVO:00002149]	1	https://dx.doi.org/10.17504/protocols.io.rm7vzjxrrlx1/v1	bottle	1000	mL	-80	Sucrose Lysis Buffer	NA	"Hakai Institute, Quadra Island ,BC Canada"	"Hakai Institute, Quadra Island ,BC Canada"	NA	Seawater samples were filtered through a 0.22 痠 PVDF Sterivex sterile filter capsule to capture eDNA and DNA-containing particulates using a peristaltic pump.	1	NA	0.1	L/min	NA	NA	0.2	NA	1000	PVDF	Sterivex SVGV010RS	NA	NA	NA	NA	NA	NA	NA	NA	NA	1000	mL	physical | chemical	column-based	https://doi.org/10.5281/zenodo.22893376	Zymo Research ZymoBIOMICS DNA Miniprep Kit	This protocol is used to extract genomic DNA from 0.22-um sterivex filters using Zymo Research ZymoBIOMICS DNA Miniprep Kit. Modifications from manufacturers protocol are described here: https://doi.org/10.5281/zenodo.22893376	0	NA	4	ng/無	Qubit 2.0 Fluorometer (Invitrogen)	Pycno	Detected
CMIC807-1	sample	Hakai-Pycno-2025_CMIC807	CMIC807	NA	NA	-128.0945833	51.66461667	North East Pacific Ocean [GAZ:00013765]	2023-05-11T00:00:00	2023-05-11	marine biome [ENVO:00000447]	marine benthic biome [ENVO:01000024]	sea water [ENVO:00002149]	1	https://dx.doi.org/10.17504/protocols.io.rm7vzjxrrlx1/v1	bottle	1000	mL	-80	Sucrose Lysis Buffer	NA	"Hakai Institute, Quadra Island ,BC Canada"	"Hakai Institute, Quadra Island ,BC Canada"	NA	Seawater samples were filtered through a 0.22 痠 PVDF Sterivex sterile filter capsule to capture eDNA and DNA-containing particulates using a peristaltic pump.	1	NA	0.1	L/min	NA	NA	0.2	NA	1000	PVDF	Sterivex SVGV010RS	NA	NA	NA	NA	NA	NA	NA	NA	NA	1000	mL	physical | chemical	column-based	https://doi.org/10.5281/zenodo.22893376	Zymo Research ZymoBIOMICS DNA Miniprep Kit	This protocol is used to extract genomic DNA from 0.22-um sterivex filters using Zymo Research ZymoBIOMICS DNA Miniprep Kit. Modifications from manufacturers protocol are described here: https://doi.org/10.5281/zenodo.22893376	0	NA	43.5	ng/無	Qubit 2.0 Fluorometer (Invitrogen)	Pycno	Detected
CMIC807-2	sample	Hakai-Pycno-2025_CMIC807	CMIC807	NA	NA	-128.0945833	51.66461667	North East Pacific Ocean [GAZ:00013765]	2023-05-11T00:00:00	2023-05-11	marine biome [ENVO:00000447]	marine benthic biome [ENVO:01000024]	sea water [ENVO:00002149]	1	https://dx.doi.org/10.17504/protocols.io.rm7vzjxrrlx1/v1	bottle	1000	mL	-80	Sucrose Lysis Buffer	NA	"Hakai Institute, Quadra Island ,BC Canada"	"Hakai Institute, Quadra Island ,BC Canada"	NA	Seawater samples were filtered through a 0.22 痠 PVDF Sterivex sterile filter capsule to capture eDNA and DNA-containing particulates using a peristaltic pump.	1	NA	0.1	L/min	NA	NA	0.2	NA	1000	PVDF	Sterivex SVGV010RS	NA	NA	NA	NA	NA	NA	NA	NA	NA	1000	mL	physical | chemical	column-based	https://doi.org/10.5281/zenodo.22893376	Zymo Research ZymoBIOMICS DNA Miniprep Kit	This protocol is used to extract genomic DNA from 0.22-um sterivex filters using Zymo Research ZymoBIOMICS DNA Miniprep Kit. Modifications from manufacturers protocol are described here: https://doi.org/10.5281/zenodo.22893376	0	NA	43.5	ng/無	Qubit 2.0 Fluorometer (Invitrogen)	Pycno	Detected
CMIC807-3	sample	Hakai-Pycno-2025_CMIC807	CMIC807	NA	NA	-128.0945833	51.66461667	North East Pacific Ocean [GAZ:00013765]	2023-05-11T00:00:00	2023-05-11	marine biome [ENVO:00000447]	marine benthic biome [ENVO:01000024]	sea water [ENVO:00002149]	1	https://dx.doi.org/10.17504/protocols.io.rm7vzjxrrlx1/v1	bottle	1000	mL	-80	Sucrose Lysis Buffer	NA	"Hakai Institute, Quadra Island ,BC Canada"	"Hakai Institute, Quadra Island ,BC Canada"	NA	Seawater samples were filtered through a 0.22 痠 PVDF Sterivex sterile filter capsule to capture eDNA and DNA-containing particulates using a peristaltic pump.	1	NA	0.1	L/min	NA	NA	0.2	NA	1000	PVDF	Sterivex SVGV010RS	NA	NA	NA	NA	NA	NA	NA	NA	NA	1000	mL	physical | chemical	column-based	https://doi.org/10.5281/zenodo.22893376	Zymo Research ZymoBIOMICS DNA Miniprep Kit	This protocol is used to extract genomic DNA from 0.22-um sterivex filters using Zymo Research ZymoBIOMICS DNA Miniprep Kit. Modifications from manufacturers protocol are described here: https://doi.org/10.5281/zenodo.22893376	0	NA	43.5	ng/無	Qubit 2.0 Fluorometer (Invitrogen)	Pycno	Detected
CMIC808-1	sample	Hakai-Pycno-2025_CMIC808	CMIC808	NA	NA	-128.0512092	51.81054507	North East Pacific Ocean [GAZ:00013765]	2023-05-12T00:00:00	2023-05-12	marine biome [ENVO:00000447]	marine benthic biome [ENVO:01000024]	sea water [ENVO:00002149]	1	https://dx.doi.org/10.17504/protocols.io.rm7vzjxrrlx1/v1	bottle	1000	mL	-80	Sucrose Lysis Buffer	NA	"Hakai Institute, Quadra Island ,BC Canada"	"Hakai Institute, Quadra Island ,BC Canada"	NA	Seawater samples were filtered through a 0.22 痠 PVDF Sterivex sterile filter capsule to capture eDNA and DNA-containing particulates using a peristaltic pump.	1	NA	0.1	L/min	NA	NA	0.2	NA	1000	PVDF	Sterivex SVGV010RS	NA	NA	NA	NA	NA	NA	NA	NA	NA	1000	mL	physical | chemical	column-based	https://doi.org/10.5281/zenodo.22893376	Zymo Research ZymoBIOMICS DNA Miniprep Kit	This protocol is used to extract genomic DNA from 0.22-um sterivex filters using Zymo Research ZymoBIOMICS DNA Miniprep Kit. Modifications from manufacturers protocol are described here: https://doi.org/10.5281/zenodo.22893376	0	NA	40.5	ng/無	Qubit 2.0 Fluorometer (Invitrogen)	Pycno	Detected
CMIC808-2	sample	Hakai-Pycno-2025_CMIC808	CMIC808	NA	NA	-128.0512092	51.81054507	North East Pacific Ocean [GAZ:00013765]	2023-05-12T00:00:00	2023-05-12	marine biome [ENVO:00000447]	marine benthic biome [ENVO:01000024]	sea water [ENVO:00002149]	1	https://dx.doi.org/10.17504/protocols.io.rm7vzjxrrlx1/v1	bottle	1000	mL	-80	Sucrose Lysis Buffer	NA	"Hakai Institute, Quadra Island ,BC Canada"	"Hakai Institute, Quadra Island ,BC Canada"	NA	Seawater samples were filtered through a 0.22 痠 PVDF Sterivex sterile filter capsule to capture eDNA and DNA-containing particulates using a peristaltic pump.	1	NA	0.1	L/min	NA	NA	0.2	NA	1000	PVDF	Sterivex SVGV010RS	NA	NA	NA	NA	NA	NA	NA	NA	NA	1000	mL	physical | chemical	column-based	https://doi.org/10.5281/zenodo.22893376	Zymo Research ZymoBIOMICS DNA Miniprep Kit	This protocol is used to extract genomic DNA from 0.22-um sterivex filters using Zymo Research ZymoBIOMICS DNA Miniprep Kit. Modifications from manufacturers protocol are described here: https://doi.org/10.5281/zenodo.22893376	0	NA	40.5	ng/無	Qubit 2.0 Fluorometer (Invitrogen)	Pycno	Detected
CMIC808-3	sample	Hakai-Pycno-2025_CMIC808	CMIC808	NA	NA	-128.0512092	51.81054507	North East Pacific Ocean [GAZ:00013765]	2023-05-12T00:00:00	2023-05-12	marine biome [ENVO:00000447]	marine benthic biome [ENVO:01000024]	sea water [ENVO:00002149]	1	https://dx.doi.org/10.17504/protocols.io.rm7vzjxrrlx1/v1	bottle	1000	mL	-80	Sucrose Lysis Buffer	NA	"Hakai Institute, Quadra Island ,BC Canada"	"Hakai Institute, Quadra Island ,BC Canada"	NA	Seawater samples were filtered through a 0.22 痠 PVDF Sterivex sterile filter capsule to capture eDNA and DNA-containing particulates using a peristaltic pump.	1	NA	0.1	L/min	NA	NA	0.2	NA	1000	PVDF	Sterivex SVGV010RS	NA	NA	NA	NA	NA	NA	NA	NA	NA	1000	mL	physical | chemical	column-based	https://doi.org/10.5281/zenodo.22893376	Zymo Research ZymoBIOMICS DNA Miniprep Kit	This protocol is used to extract genomic DNA from 0.22-um sterivex filters using Zymo Research ZymoBIOMICS DNA Miniprep Kit. Modifications from manufacturers protocol are described here: https://doi.org/10.5281/zenodo.22893376	0	NA	40.5	ng/無	Qubit 2.0 Fluorometer (Invitrogen)	Pycno	Detected
CMIC809-1	sample	Hakai-Pycno-2025_CMIC809	CMIC809	NA	NA	-128.0591485	51.79903491	North East Pacific Ocean [GAZ:00013765]	2023-05-12T00:00:00	2023-05-12	marine biome [ENVO:00000447]	marine benthic biome [ENVO:01000024]	sea water [ENVO:00002149]	1	https://dx.doi.org/10.17504/protocols.io.rm7vzjxrrlx1/v1	bottle	1000	mL	-80	Sucrose Lysis Buffer	NA	"Hakai Institute, Quadra Island ,BC Canada"	"Hakai Institute, Quadra Island ,BC Canada"	NA	Seawater samples were filtered through a 0.22 痠 PVDF Sterivex sterile filter capsule to capture eDNA and DNA-containing particulates using a peristaltic pump.	1	NA	0.1	L/min	NA	NA	0.2	NA	1000	PVDF	Sterivex SVGV010RS	NA	NA	NA	NA	NA	NA	NA	NA	NA	1000	mL	physical | chemical	column-based	https://doi.org/10.5281/zenodo.22893376	Zymo Research ZymoBIOMICS DNA Miniprep Kit	This protocol is used to extract genomic DNA from 0.22-um sterivex filters using Zymo Research ZymoBIOMICS DNA Miniprep Kit. Modifications from manufacturers protocol are described here: https://doi.org/10.5281/zenodo.22893376	0	NA	15.8	ng/無	Qubit 2.0 Fluorometer (Invitrogen)	Pycno	Detected
CMIC809-2	sample	Hakai-Pycno-2025_CMIC809	CMIC809	NA	NA	-128.0591485	51.79903491	North East Pacific Ocean [GAZ:00013765]	2023-05-12T00:00:00	2023-05-12	marine biome [ENVO:00000447]	marine benthic biome [ENVO:01000024]	sea water [ENVO:00002149]	1	https://dx.doi.org/10.17504/protocols.io.rm7vzjxrrlx1/v1	bottle	1000	mL	-80	Sucrose Lysis Buffer	NA	"Hakai Institute, Quadra Island ,BC Canada"	"Hakai Institute, Quadra Island ,BC Canada"	NA	Seawater samples were filtered through a 0.22 痠 PVDF Sterivex sterile filter capsule to capture eDNA and DNA-containing particulates using a peristaltic pump.	1	NA	0.1	L/min	NA	NA	0.2	NA	1000	PVDF	Sterivex SVGV010RS	NA	NA	NA	NA	NA	NA	NA	NA	NA	1000	mL	physical | chemical	column-based	https://doi.org/10.5281/zenodo.22893376	Zymo Research ZymoBIOMICS DNA Miniprep Kit	This protocol is used to extract genomic DNA from 0.22-um sterivex filters using Zymo Research ZymoBIOMICS DNA Miniprep Kit. Modifications from manufacturers protocol are described here: https://doi.org/10.5281/zenodo.22893376	0	NA	15.8	ng/無	Qubit 2.0 Fluorometer (Invitrogen)	Pycno	Detected
CMIC809-3	sample	Hakai-Pycno-2025_CMIC809	CMIC809	NA	NA	-128.0591485	51.79903491	North East Pacific Ocean [GAZ:00013765]	2023-05-12T00:00:00	2023-05-12	marine biome [ENVO:00000447]	marine benthic biome [ENVO:01000024]	sea water [ENVO:00002149]	1	https://dx.doi.org/10.17504/protocols.io.rm7vzjxrrlx1/v1	bottle	1000	mL	-80	Sucrose Lysis Buffer	NA	"Hakai Institute, Quadra Island ,BC Canada"	"Hakai Institute, Quadra Island ,BC Canada"	NA	Seawater samples were filtered through a 0.22 痠 PVDF Sterivex sterile filter capsule to capture eDNA and DNA-containing particulates using a peristaltic pump.	1	NA	0.1	L/min	NA	NA	0.2	NA	1000	PVDF	Sterivex SVGV010RS	NA	NA	NA	NA	NA	NA	NA	NA	NA	1000	mL	physical | chemical	column-based	https://doi.org/10.5281/zenodo.22893376	Zymo Research ZymoBIOMICS DNA Miniprep Kit	This protocol is used to extract genomic DNA from 0.22-um sterivex filters using Zymo Research ZymoBIOMICS DNA Miniprep Kit. Modifications from manufacturers protocol are described here: https://doi.org/10.5281/zenodo.22893376	0	NA	15.8	ng/無	Qubit 2.0 Fluorometer (Invitrogen)	Pycno	Detected
CMIC810-1	sample	Hakai-Pycno-2025_CMIC810	CMIC810	NA	NA	-127.77545	51.9617544	North East Pacific Ocean [GAZ:00013765]	2023-05-13T00:00:00	2023-05-13	marine biome [ENVO:00000447]	marine benthic biome [ENVO:01000024]	sea water [ENVO:00002149]	1	https://dx.doi.org/10.17504/protocols.io.rm7vzjxrrlx1/v1	bottle	1000	mL	-80	Sucrose Lysis Buffer	NA	"Hakai Institute, Quadra Island ,BC Canada"	"Hakai Institute, Quadra Island ,BC Canada"	NA	Seawater samples were filtered through a 0.22 痠 PVDF Sterivex sterile filter capsule to capture eDNA and DNA-containing particulates using a peristaltic pump.	1	NA	0.1	L/min	NA	NA	0.2	NA	1000	PVDF	Sterivex SVGV010RS	NA	NA	NA	NA	NA	NA	NA	NA	NA	1000	mL	physical | chemical	column-based	https://doi.org/10.5281/zenodo.22893376	Zymo Research ZymoBIOMICS DNA Miniprep Kit	This protocol is used to extract genomic DNA from 0.22-um sterivex filters using Zymo Research ZymoBIOMICS DNA Miniprep Kit. Modifications from manufacturers protocol are described here: https://doi.org/10.5281/zenodo.22893376	0	NA	21.8	ng/無	Qubit 2.0 Fluorometer (Invitrogen)	Pycno	Detected
CMIC810-2	sample	Hakai-Pycno-2025_CMIC810	CMIC810	NA	NA	-127.77545	51.9617544	North East Pacific Ocean [GAZ:00013765]	2023-05-13T00:00:00	2023-05-13	marine biome [ENVO:00000447]	marine benthic biome [ENVO:01000024]	sea water [ENVO:00002149]	1	https://dx.doi.org/10.17504/protocols.io.rm7vzjxrrlx1/v1	bottle	1000	mL	-80	Sucrose Lysis Buffer	NA	"Hakai Institute, Quadra Island ,BC Canada"	"Hakai Institute, Quadra Island ,BC Canada"	NA	Seawater samples were filtered through a 0.22 痠 PVDF Sterivex sterile filter capsule to capture eDNA and DNA-containing particulates using a peristaltic pump.	1	NA	0.1	L/min	NA	NA	0.2	NA	1000	PVDF	Sterivex SVGV010RS	NA	NA	NA	NA	NA	NA	NA	NA	NA	1000	mL	physical | chemical	column-based	https://doi.org/10.5281/zenodo.22893376	Zymo Research ZymoBIOMICS DNA Miniprep Kit	This protocol is used to extract genomic DNA from 0.22-um sterivex filters using Zymo Research ZymoBIOMICS DNA Miniprep Kit. Modifications from manufacturers protocol are described here: https://doi.org/10.5281/zenodo.22893376	0	NA	21.8	ng/無	Qubit 2.0 Fluorometer (Invitrogen)	Pycno	Detected
CMIC810-3	sample	Hakai-Pycno-2025_CMIC810	CMIC810	NA	NA	-127.77545	51.9617544	North East Pacific Ocean [GAZ:00013765]	2023-05-13T00:00:00	2023-05-13	marine biome [ENVO:00000447]	marine benthic biome [ENVO:01000024]	sea water [ENVO:00002149]	1	https://dx.doi.org/10.17504/protocols.io.rm7vzjxrrlx1/v1	bottle	1000	mL	-80	Sucrose Lysis Buffer	NA	"Hakai Institute, Quadra Island ,BC Canada"	"Hakai Institute, Quadra Island ,BC Canada"	NA	Seawater samples were filtered through a 0.22 痠 PVDF Sterivex sterile filter capsule to capture eDNA and DNA-containing particulates using a peristaltic pump.	1	NA	0.1	L/min	NA	NA	0.2	NA	1000	PVDF	Sterivex SVGV010RS	NA	NA	NA	NA	NA	NA	NA	NA	NA	1000	mL	physical | chemical	column-based	https://doi.org/10.5281/zenodo.22893376	Zymo Research ZymoBIOMICS DNA Miniprep Kit	This protocol is used to extract genomic DNA from 0.22-um sterivex filters using Zymo Research ZymoBIOMICS DNA Miniprep Kit. Modifications from manufacturers protocol are described here: https://doi.org/10.5281/zenodo.22893376	0	NA	21.8	ng/無	Qubit 2.0 Fluorometer (Invitrogen)	Pycno	Detected
CMIC811-1	sample	Hakai-Pycno-2025_CMIC811	CMIC811	NA	NA	-127.74103	51.9517062	North East Pacific Ocean [GAZ:00013765]	2023-05-13T00:00:00	2023-05-13	marine biome [ENVO:00000447]	marine benthic biome [ENVO:01000024]	sea water [ENVO:00002149]	1	https://dx.doi.org/10.17504/protocols.io.rm7vzjxrrlx1/v1	bottle	1000	mL	-80	Sucrose Lysis Buffer	NA	"Hakai Institute, Quadra Island ,BC Canada"	"Hakai Institute, Quadra Island ,BC Canada"	NA	Seawater samples were filtered through a 0.22 痠 PVDF Sterivex sterile filter capsule to capture eDNA and DNA-containing particulates using a peristaltic pump.	1	NA	0.1	L/min	NA	NA	0.2	NA	1000	PVDF	Sterivex SVGV010RS	NA	NA	NA	NA	NA	NA	NA	NA	NA	1000	mL	physical | chemical	column-based	https://doi.org/10.5281/zenodo.22893376	Zymo Research ZymoBIOMICS DNA Miniprep Kit	This protocol is used to extract genomic DNA from 0.22-um sterivex filters using Zymo Research ZymoBIOMICS DNA Miniprep Kit. Modifications from manufacturers protocol are described here: https://doi.org/10.5281/zenodo.22893376	0	NA	6.78	ng/無	Qubit 2.0 Fluorometer (Invitrogen)	Pycno	Detected
CMIC811-2	sample	Hakai-Pycno-2025_CMIC811	CMIC811	NA	NA	-127.74103	51.9517062	North East Pacific Ocean [GAZ:00013765]	2023-05-13T00:00:00	2023-05-13	marine biome [ENVO:00000447]	marine benthic biome [ENVO:01000024]	sea water [ENVO:00002149]	1	https://dx.doi.org/10.17504/protocols.io.rm7vzjxrrlx1/v1	bottle	1000	mL	-80	Sucrose Lysis Buffer	NA	"Hakai Institute, Quadra Island ,BC Canada"	"Hakai Institute, Quadra Island ,BC Canada"	NA	Seawater samples were filtered through a 0.22 痠 PVDF Sterivex sterile filter capsule to capture eDNA and DNA-containing particulates using a peristaltic pump.	1	NA	0.1	L/min	NA	NA	0.2	NA	1000	PVDF	Sterivex SVGV010RS	NA	NA	NA	NA	NA	NA	NA	NA	NA	1000	mL	physical | chemical	column-based	https://doi.org/10.5281/zenodo.22893376	Zymo Research ZymoBIOMICS DNA Miniprep Kit	This protocol is used to extract genomic DNA from 0.22-um sterivex filters using Zymo Research ZymoBIOMICS DNA Miniprep Kit. Modifications from manufacturers protocol are described here: https://doi.org/10.5281/zenodo.22893376	0	NA	6.78	ng/無	Qubit 2.0 Fluorometer (Invitrogen)	Pycno	Detected
CMIC811-3	sample	Hakai-Pycno-2025_CMIC811	CMIC811	NA	NA	-127.74103	51.9517062	North East Pacific Ocean [GAZ:00013765]	2023-05-13T00:00:00	2023-05-13	marine biome [ENVO:00000447]	marine benthic biome [ENVO:01000024]	sea water [ENVO:00002149]	1	https://dx.doi.org/10.17504/protocols.io.rm7vzjxrrlx1/v1	bottle	1000	mL	-80	Sucrose Lysis Buffer	NA	"Hakai Institute, Quadra Island ,BC Canada"	"Hakai Institute, Quadra Island ,BC Canada"	NA	Seawater samples were filtered through a 0.22 痠 PVDF Sterivex sterile filter capsule to capture eDNA and DNA-containing particulates using a peristaltic pump.	1	NA	0.1	L/min	NA	NA	0.2	NA	1000	PVDF	Sterivex SVGV010RS	NA	NA	NA	NA	NA	NA	NA	NA	NA	1000	mL	physical | chemical	column-based	https://doi.org/10.5281/zenodo.22893376	Zymo Research ZymoBIOMICS DNA Miniprep Kit	This protocol is used to extract genomic DNA from 0.22-um sterivex filters using Zymo Research ZymoBIOMICS DNA Miniprep Kit. Modifications from manufacturers protocol are described here: https://doi.org/10.5281/zenodo.22893376	0	NA	6.78	ng/無	Qubit 2.0 Fluorometer (Invitrogen)	Pycno	Detected
CMIC812-1	sample	Hakai-Pycno-2025_CMIC812	CMIC812	NA	NA	-127.71152	51.9652611	North East Pacific Ocean [GAZ:00013765]	2023-05-13T00:00:00	2023-05-13	marine biome [ENVO:00000447]	marine benthic biome [ENVO:01000024]	sea water [ENVO:00002149]	1	https://dx.doi.org/10.17504/protocols.io.rm7vzjxrrlx1/v1	bottle	1000	mL	-80	Sucrose Lysis Buffer	NA	"Hakai Institute, Quadra Island ,BC Canada"	"Hakai Institute, Quadra Island ,BC Canada"	NA	Seawater samples were filtered through a 0.22 痠 PVDF Sterivex sterile filter capsule to capture eDNA and DNA-containing particulates using a peristaltic pump.	1	NA	0.1	L/min	NA	NA	0.2	NA	1000	PVDF	Sterivex SVGV010RS	NA	NA	NA	NA	NA	NA	NA	NA	NA	1000	mL	physical | chemical	column-based	https://doi.org/10.5281/zenodo.22893376	Zymo Research ZymoBIOMICS DNA Miniprep Kit	This protocol is used to extract genomic DNA from 0.22-um sterivex filters using Zymo Research ZymoBIOMICS DNA Miniprep Kit. Modifications from manufacturers protocol are described here: https://doi.org/10.5281/zenodo.22893376	0	NA	6.31	ng/無	Qubit 2.0 Fluorometer (Invitrogen)	Pycno	Detected
CMIC812-2	sample	Hakai-Pycno-2025_CMIC812	CMIC812	NA	NA	-127.71152	51.9652611	North East Pacific Ocean [GAZ:00013765]	2023-05-13T00:00:00	2023-05-13	marine biome [ENVO:00000447]	marine benthic biome [ENVO:01000024]	sea water [ENVO:00002149]	1	https://dx.doi.org/10.17504/protocols.io.rm7vzjxrrlx1/v1	bottle	1000	mL	-80	Sucrose Lysis Buffer	NA	"Hakai Institute, Quadra Island ,BC Canada"	"Hakai Institute, Quadra Island ,BC Canada"	NA	Seawater samples were filtered through a 0.22 痠 PVDF Sterivex sterile filter capsule to capture eDNA and DNA-containing particulates using a peristaltic pump.	1	NA	0.1	L/min	NA	NA	0.2	NA	1000	PVDF	Sterivex SVGV010RS	NA	NA	NA	NA	NA	NA	NA	NA	NA	1000	mL	physical | chemical	column-based	https://doi.org/10.5281/zenodo.22893376	Zymo Research ZymoBIOMICS DNA Miniprep Kit	This protocol is used to extract genomic DNA from 0.22-um sterivex filters using Zymo Research ZymoBIOMICS DNA Miniprep Kit. Modifications from manufacturers protocol are described here: https://doi.org/10.5281/zenodo.22893376	0	NA	6.31	ng/無	Qubit 2.0 Fluorometer (Invitrogen)	Pycno	Detected
CMIC812-3	sample	Hakai-Pycno-2025_CMIC812	CMIC812	NA	NA	-127.71152	51.9652611	North East Pacific Ocean [GAZ:00013765]	2023-05-13T00:00:00	2023-05-13	marine biome [ENVO:00000447]	marine benthic biome [ENVO:01000024]	sea water [ENVO:00002149]	1	https://dx.doi.org/10.17504/protocols.io.rm7vzjxrrlx1/v1	bottle	1000	mL	-80	Sucrose Lysis Buffer	NA	"Hakai Institute, Quadra Island ,BC Canada"	"Hakai Institute, Quadra Island ,BC Canada"	NA	Seawater samples were filtered through a 0.22 痠 PVDF Sterivex sterile filter capsule to capture eDNA and DNA-containing particulates using a peristaltic pump.	1	NA	0.1	L/min	NA	NA	0.2	NA	1000	PVDF	Sterivex SVGV010RS	NA	NA	NA	NA	NA	NA	NA	NA	NA	1000	mL	physical | chemical	column-based	https://doi.org/10.5281/zenodo.22893376	Zymo Research ZymoBIOMICS DNA Miniprep Kit	This protocol is used to extract genomic DNA from 0.22-um sterivex filters using Zymo Research ZymoBIOMICS DNA Miniprep Kit. Modifications from manufacturers protocol are described here: https://doi.org/10.5281/zenodo.22893376	0	NA	6.31	ng/無	Qubit 2.0 Fluorometer (Invitrogen)	Pycno	Detected
CMIC814-1	sample	Hakai-Pycno-2025_CMIC814	CMIC814	NA	NA	-127.8769169	51.70860511	North East Pacific Ocean [GAZ:00013765]	2023-05-14T00:00:00	2023-05-14	marine biome [ENVO:00000447]	marine benthic biome [ENVO:01000024]	sea water [ENVO:00002149]	1	https://dx.doi.org/10.17504/protocols.io.rm7vzjxrrlx1/v1	bottle	1000	mL	-80	Sucrose Lysis Buffer	NA	"Hakai Institute, Quadra Island ,BC Canada"	"Hakai Institute, Quadra Island ,BC Canada"	NA	Seawater samples were filtered through a 0.22 痠 PVDF Sterivex sterile filter capsule to capture eDNA and DNA-containing particulates using a peristaltic pump.	1	NA	0.1	L/min	NA	NA	0.2	NA	1000	PVDF	Sterivex SVGV010RS	NA	NA	NA	NA	NA	NA	NA	NA	NA	1000	mL	physical | chemical	column-based	https://doi.org/10.5281/zenodo.22893376	Zymo Research ZymoBIOMICS DNA Miniprep Kit	This protocol is used to extract genomic DNA from 0.22-um sterivex filters using Zymo Research ZymoBIOMICS DNA Miniprep Kit. Modifications from manufacturers protocol are described here: https://doi.org/10.5281/zenodo.22893376	0	NA	>60	ng/無	Qubit 2.0 Fluorometer (Invitrogen)	Pycno	Detected
CMIC814-2	sample	Hakai-Pycno-2025_CMIC814	CMIC814	NA	NA	-127.8769169	51.70860511	North East Pacific Ocean [GAZ:00013765]	2023-05-14T00:00:00	2023-05-14	marine biome [ENVO:00000447]	marine benthic biome [ENVO:01000024]	sea water [ENVO:00002149]	1	https://dx.doi.org/10.17504/protocols.io.rm7vzjxrrlx1/v1	bottle	1000	mL	-80	Sucrose Lysis Buffer	NA	"Hakai Institute, Quadra Island ,BC Canada"	"Hakai Institute, Quadra Island ,BC Canada"	NA	Seawater samples were filtered through a 0.22 痠 PVDF Sterivex sterile filter capsule to capture eDNA and DNA-containing particulates using a peristaltic pump.	1	NA	0.1	L/min	NA	NA	0.2	NA	1000	PVDF	Sterivex SVGV010RS	NA	NA	NA	NA	NA	NA	NA	NA	NA	1000	mL	physical | chemical	column-based	https://doi.org/10.5281/zenodo.22893376	Zymo Research ZymoBIOMICS DNA Miniprep Kit	This protocol is used to extract genomic DNA from 0.22-um sterivex filters using Zymo Research ZymoBIOMICS DNA Miniprep Kit. Modifications from manufacturers protocol are described here: https://doi.org/10.5281/zenodo.22893376	0	NA	>60	ng/無	Qubit 2.0 Fluorometer (Invitrogen)	Pycno	Detected
CMIC814-3	sample	Hakai-Pycno-2025_CMIC814	CMIC814	NA	NA	-127.8769169	51.70860511	North East Pacific Ocean [GAZ:00013765]	2023-05-14T00:00:00	2023-05-14	marine biome [ENVO:00000447]	marine benthic biome [ENVO:01000024]	sea water [ENVO:00002149]	1	https://dx.doi.org/10.17504/protocols.io.rm7vzjxrrlx1/v1	bottle	1000	mL	-80	Sucrose Lysis Buffer	NA	"Hakai Institute, Quadra Island ,BC Canada"	"Hakai Institute, Quadra Island ,BC Canada"	NA	Seawater samples were filtered through a 0.22 痠 PVDF Sterivex sterile filter capsule to capture eDNA and DNA-containing particulates using a peristaltic pump.	1	NA	0.1	L/min	NA	NA	0.2	NA	1000	PVDF	Sterivex SVGV010RS	NA	NA	NA	NA	NA	NA	NA	NA	NA	1000	mL	physical | chemical	column-based	https://doi.org/10.5281/zenodo.22893376	Zymo Research ZymoBIOMICS DNA Miniprep Kit	This protocol is used to extract genomic DNA from 0.22-um sterivex filters using Zymo Research ZymoBIOMICS DNA Miniprep Kit. Modifications from manufacturers protocol are described here: https://doi.org/10.5281/zenodo.22893376	0	NA	>60	ng/無	Qubit 2.0 Fluorometer (Invitrogen)	Pycno	Detected
CMIC817-1	sample	Hakai-Pycno-2025_CMIC817	CMIC817	NA	NA	-127.5598	51.5396992	North East Pacific Ocean [GAZ:00013765]	2023-05-15T00:00:00	2023-05-15	marine biome [ENVO:00000447]	marine benthic biome [ENVO:01000024]	sea water [ENVO:00002149]	1	https://dx.doi.org/10.17504/protocols.io.rm7vzjxrrlx1/v1	bottle	1000	mL	-80	Sucrose Lysis Buffer	NA	"Hakai Institute, Quadra Island ,BC Canada"	"Hakai Institute, Quadra Island ,BC Canada"	NA	Seawater samples were filtered through a 0.22 痠 PVDF Sterivex sterile filter capsule to capture eDNA and DNA-containing particulates using a peristaltic pump.	1	NA	0.1	L/min	NA	NA	0.2	NA	1000	PVDF	Sterivex SVGV010RS	NA	NA	NA	NA	NA	NA	NA	NA	NA	1000	mL	physical | chemical	column-based	https://doi.org/10.5281/zenodo.22893376	Zymo Research ZymoBIOMICS DNA Miniprep Kit	This protocol is used to extract genomic DNA from 0.22-um sterivex filters using Zymo Research ZymoBIOMICS DNA Miniprep Kit. Modifications from manufacturers protocol are described here: https://doi.org/10.5281/zenodo.22893376	0	NA	6.31	ng/無	Qubit 2.0 Fluorometer (Invitrogen)	Pycno	Detected
CMIC817-2	sample	Hakai-Pycno-2025_CMIC817	CMIC817	NA	NA	-127.5598	51.5396992	North East Pacific Ocean [GAZ:00013765]	2023-05-15T00:00:00	2023-05-15	marine biome [ENVO:00000447]	marine benthic biome [ENVO:01000024]	sea water [ENVO:00002149]	1	https://dx.doi.org/10.17504/protocols.io.rm7vzjxrrlx1/v1	bottle	1000	mL	-80	Sucrose Lysis Buffer	NA	"Hakai Institute, Quadra Island ,BC Canada"	"Hakai Institute, Quadra Island ,BC Canada"	NA	Seawater samples were filtered through a 0.22 痠 PVDF Sterivex sterile filter capsule to capture eDNA and DNA-containing particulates using a peristaltic pump.	1	NA	0.1	L/min	NA	NA	0.2	NA	1000	PVDF	Sterivex SVGV010RS	NA	NA	NA	NA	NA	NA	NA	NA	NA	1000	mL	physical | chemical	column-based	https://doi.org/10.5281/zenodo.22893376	Zymo Research ZymoBIOMICS DNA Miniprep Kit	This protocol is used to extract genomic DNA from 0.22-um sterivex filters using Zymo Research ZymoBIOMICS DNA Miniprep Kit. Modifications from manufacturers protocol are described here: https://doi.org/10.5281/zenodo.22893376	0	NA	6.31	ng/無	Qubit 2.0 Fluorometer (Invitrogen)	Pycno	Detected
CMIC817-3	sample	Hakai-Pycno-2025_CMIC817	CMIC817	NA	NA	-127.5598	51.5396992	North East Pacific Ocean [GAZ:00013765]	2023-05-15T00:00:00	2023-05-15	marine biome [ENVO:00000447]	marine benthic biome [ENVO:01000024]	sea water [ENVO:00002149]	1	https://dx.doi.org/10.17504/protocols.io.rm7vzjxrrlx1/v1	bottle	1000	mL	-80	Sucrose Lysis Buffer	NA	"Hakai Institute, Quadra Island ,BC Canada"	"Hakai Institute, Quadra Island ,BC Canada"	NA	Seawater samples were filtered through a 0.22 痠 PVDF Sterivex sterile filter capsule to capture eDNA and DNA-containing particulates using a peristaltic pump.	1	NA	0.1	L/min	NA	NA	0.2	NA	1000	PVDF	Sterivex SVGV010RS	NA	NA	NA	NA	NA	NA	NA	NA	NA	1000	mL	physical | chemical	column-based	https://doi.org/10.5281/zenodo.22893376	Zymo Research ZymoBIOMICS DNA Miniprep Kit	This protocol is used to extract genomic DNA from 0.22-um sterivex filters using Zymo Research ZymoBIOMICS DNA Miniprep Kit. Modifications from manufacturers protocol are described here: https://doi.org/10.5281/zenodo.22893376	0	NA	6.31	ng/無	Qubit 2.0 Fluorometer (Invitrogen)	Pycno	Detected
CMIC818-1	sample	Hakai-Pycno-2025_CMIC818	CMIC818	NA	NA	-127.43015	51.7700497	North East Pacific Ocean [GAZ:00013765]	2023-05-15T00:00:00	2023-05-15	marine biome [ENVO:00000447]	marine benthic biome [ENVO:01000024]	sea water [ENVO:00002149]	1	https://dx.doi.org/10.17504/protocols.io.rm7vzjxrrlx1/v1	bottle	1000	mL	-80	Sucrose Lysis Buffer	NA	"Hakai Institute, Quadra Island ,BC Canada"	"Hakai Institute, Quadra Island ,BC Canada"	NA	Seawater samples were filtered through a 0.22 痠 PVDF Sterivex sterile filter capsule to capture eDNA and DNA-containing particulates using a peristaltic pump.	1	NA	0.1	L/min	NA	NA	0.2	NA	1000	PVDF	Sterivex SVGV010RS	NA	NA	NA	NA	NA	NA	NA	NA	NA	1000	mL	physical | chemical	column-based	https://doi.org/10.5281/zenodo.22893376	Zymo Research ZymoBIOMICS DNA Miniprep Kit	This protocol is used to extract genomic DNA from 0.22-um sterivex filters using Zymo Research ZymoBIOMICS DNA Miniprep Kit. Modifications from manufacturers protocol are described here: https://doi.org/10.5281/zenodo.22893376	0	NA	4.15	ng/無	Qubit 2.0 Fluorometer (Invitrogen)	Pycno	Detected
CMIC818-2	sample	Hakai-Pycno-2025_CMIC818	CMIC818	NA	NA	-127.43015	51.7700497	North East Pacific Ocean [GAZ:00013765]	2023-05-15T00:00:00	2023-05-15	marine biome [ENVO:00000447]	marine benthic biome [ENVO:01000024]	sea water [ENVO:00002149]	1	https://dx.doi.org/10.17504/protocols.io.rm7vzjxrrlx1/v1	bottle	1000	mL	-80	Sucrose Lysis Buffer	NA	"Hakai Institute, Quadra Island ,BC Canada"	"Hakai Institute, Quadra Island ,BC Canada"	NA	Seawater samples were filtered through a 0.22 痠 PVDF Sterivex sterile filter capsule to capture eDNA and DNA-containing particulates using a peristaltic pump.	1	NA	0.1	L/min	NA	NA	0.2	NA	1000	PVDF	Sterivex SVGV010RS	NA	NA	NA	NA	NA	NA	NA	NA	NA	1000	mL	physical | chemical	column-based	https://doi.org/10.5281/zenodo.22893376	Zymo Research ZymoBIOMICS DNA Miniprep Kit	This protocol is used to extract genomic DNA from 0.22-um sterivex filters using Zymo Research ZymoBIOMICS DNA Miniprep Kit. Modifications from manufacturers protocol are described here: https://doi.org/10.5281/zenodo.22893376	0	NA	4.15	ng/無	Qubit 2.0 Fluorometer (Invitrogen)	Pycno	Detected
CMIC818-3	sample	Hakai-Pycno-2025_CMIC818	CMIC818	NA	NA	-127.43015	51.7700497	North East Pacific Ocean [GAZ:00013765]	2023-05-15T00:00:00	2023-05-15	marine biome [ENVO:00000447]	marine benthic biome [ENVO:01000024]	sea water [ENVO:00002149]	1	https://dx.doi.org/10.17504/protocols.io.rm7vzjxrrlx1/v1	bottle	1000	mL	-80	Sucrose Lysis Buffer	NA	"Hakai Institute, Quadra Island ,BC Canada"	"Hakai Institute, Quadra Island ,BC Canada"	NA	Seawater samples were filtered through a 0.22 痠 PVDF Sterivex sterile filter capsule to capture eDNA and DNA-containing particulates using a peristaltic pump.	1	NA	0.1	L/min	NA	NA	0.2	NA	1000	PVDF	Sterivex SVGV010RS	NA	NA	NA	NA	NA	NA	NA	NA	NA	1000	mL	physical | chemical	column-based	https://doi.org/10.5281/zenodo.22893376	Zymo Research ZymoBIOMICS DNA Miniprep Kit	This protocol is used to extract genomic DNA from 0.22-um sterivex filters using Zymo Research ZymoBIOMICS DNA Miniprep Kit. Modifications from manufacturers protocol are described here: https://doi.org/10.5281/zenodo.22893376	0	NA	4.15	ng/無	Qubit 2.0 Fluorometer (Invitrogen)	Pycno	Detected
CMIC819-1	sample	Hakai-Pycno-2025_CMIC819	CMIC819	NA	NA	-127.3912655	51.65392208	North East Pacific Ocean [GAZ:00013765]	2023-05-15T00:00:00	2023-05-15	marine biome [ENVO:00000447]	marine benthic biome [ENVO:01000024]	sea water [ENVO:00002149]	1	https://dx.doi.org/10.17504/protocols.io.rm7vzjxrrlx1/v1	bottle	1000	mL	-80	Sucrose Lysis Buffer	NA	"Hakai Institute, Quadra Island ,BC Canada"	"Hakai Institute, Quadra Island ,BC Canada"	NA	Seawater samples were filtered through a 0.22 痠 PVDF Sterivex sterile filter capsule to capture eDNA and DNA-containing particulates using a peristaltic pump.	1	NA	0.1	L/min	NA	NA	0.2	NA	1000	PVDF	Sterivex SVGV010RS	NA	NA	NA	NA	NA	NA	NA	NA	NA	1000	mL	physical | chemical	column-based	https://doi.org/10.5281/zenodo.22893376	Zymo Research ZymoBIOMICS DNA Miniprep Kit	This protocol is used to extract genomic DNA from 0.22-um sterivex filters using Zymo Research ZymoBIOMICS DNA Miniprep Kit. Modifications from manufacturers protocol are described here: https://doi.org/10.5281/zenodo.22893376	0	NA	6.12	ng/無	Qubit 2.0 Fluorometer (Invitrogen)	Pycno	Detected
CMIC819-2	sample	Hakai-Pycno-2025_CMIC819	CMIC819	NA	NA	-127.3912655	51.65392208	North East Pacific Ocean [GAZ:00013765]	2023-05-15T00:00:00	2023-05-15	marine biome [ENVO:00000447]	marine benthic biome [ENVO:01000024]	sea water [ENVO:00002149]	1	https://dx.doi.org/10.17504/protocols.io.rm7vzjxrrlx1/v1	bottle	1000	mL	-80	Sucrose Lysis Buffer	NA	"Hakai Institute, Quadra Island ,BC Canada"	"Hakai Institute, Quadra Island ,BC Canada"	NA	Seawater samples were filtered through a 0.22 痠 PVDF Sterivex sterile filter capsule to capture eDNA and DNA-containing particulates using a peristaltic pump.	1	NA	0.1	L/min	NA	NA	0.2	NA	1000	PVDF	Sterivex SVGV010RS	NA	NA	NA	NA	NA	NA	NA	NA	NA	1000	mL	physical | chemical	column-based	https://doi.org/10.5281/zenodo.22893376	Zymo Research ZymoBIOMICS DNA Miniprep Kit	This protocol is used to extract genomic DNA from 0.22-um sterivex filters using Zymo Research ZymoBIOMICS DNA Miniprep Kit. Modifications from manufacturers protocol are described here: https://doi.org/10.5281/zenodo.22893376	0	NA	6.12	ng/無	Qubit 2.0 Fluorometer (Invitrogen)	Pycno	Detected
CMIC819-3	sample	Hakai-Pycno-2025_CMIC819	CMIC819	NA	NA	-127.3912655	51.65392208	North East Pacific Ocean [GAZ:00013765]	2023-05-15T00:00:00	2023-05-15	marine biome [ENVO:00000447]	marine benthic biome [ENVO:01000024]	sea water [ENVO:00002149]	1	https://dx.doi.org/10.17504/protocols.io.rm7vzjxrrlx1/v1	bottle	1000	mL	-80	Sucrose Lysis Buffer	NA	"Hakai Institute, Quadra Island ,BC Canada"	"Hakai Institute, Quadra Island ,BC Canada"	NA	Seawater samples were filtered through a 0.22 痠 PVDF Sterivex sterile filter capsule to capture eDNA and DNA-containing particulates using a peristaltic pump.	1	NA	0.1	L/min	NA	NA	0.2	NA	1000	PVDF	Sterivex SVGV010RS	NA	NA	NA	NA	NA	NA	NA	NA	NA	1000	mL	physical | chemical	column-based	https://doi.org/10.5281/zenodo.22893376	Zymo Research ZymoBIOMICS DNA Miniprep Kit	This protocol is used to extract genomic DNA from 0.22-um sterivex filters using Zymo Research ZymoBIOMICS DNA Miniprep Kit. Modifications from manufacturers protocol are described here: https://doi.org/10.5281/zenodo.22893376	0	NA	6.12	ng/無	Qubit 2.0 Fluorometer (Invitrogen)	Pycno	Detected
CMIC820-1	sample	Hakai-Pycno-2025_CMIC820	CMIC820	NA	NA	-127.3912655	51.65392208	North East Pacific Ocean [GAZ:00013765]	2023-08-27T00:00:00	2023-08-27	marine biome [ENVO:00000447]	marine benthic biome [ENVO:01000024]	sea water [ENVO:00002149]	1	https://dx.doi.org/10.17504/protocols.io.rm7vzjxrrlx1/v1	bottle	1000	mL	-80	Sucrose Lysis Buffer	NA	"Hakai Institute, Quadra Island ,BC Canada"	"Hakai Institute, Quadra Island ,BC Canada"	NA	Seawater samples were filtered through a 0.22 痠 PVDF Sterivex sterile filter capsule to capture eDNA and DNA-containing particulates using a peristaltic pump.	1	NA	0.1	L/min	NA	NA	0.2	NA	1000	PVDF	Sterivex SVGV010RS	NA	NA	NA	NA	NA	NA	NA	NA	NA	1000	mL	physical | chemical	column-based	https://doi.org/10.5281/zenodo.22893376	Zymo Research ZymoBIOMICS DNA Miniprep Kit	This protocol is used to extract genomic DNA from 0.22-um sterivex filters using Zymo Research ZymoBIOMICS DNA Miniprep Kit. Modifications from manufacturers protocol are described here: https://doi.org/10.5281/zenodo.22893376	0	NA	9.3	ng/無	Qubit 2.0 Fluorometer (Invitrogen)	Pycno	Detected
CMIC820-2	sample	Hakai-Pycno-2025_CMIC820	CMIC820	NA	NA	-127.3912655	51.65392208	North East Pacific Ocean [GAZ:00013765]	2023-08-27T00:00:00	2023-08-27	marine biome [ENVO:00000447]	marine benthic biome [ENVO:01000024]	sea water [ENVO:00002149]	1	https://dx.doi.org/10.17504/protocols.io.rm7vzjxrrlx1/v1	bottle	1000	mL	-80	Sucrose Lysis Buffer	NA	"Hakai Institute, Quadra Island ,BC Canada"	"Hakai Institute, Quadra Island ,BC Canada"	NA	Seawater samples were filtered through a 0.22 痠 PVDF Sterivex sterile filter capsule to capture eDNA and DNA-containing particulates using a peristaltic pump.	1	NA	0.1	L/min	NA	NA	0.2	NA	1000	PVDF	Sterivex SVGV010RS	NA	NA	NA	NA	NA	NA	NA	NA	NA	1000	mL	physical | chemical	column-based	https://doi.org/10.5281/zenodo.22893376	Zymo Research ZymoBIOMICS DNA Miniprep Kit	This protocol is used to extract genomic DNA from 0.22-um sterivex filters using Zymo Research ZymoBIOMICS DNA Miniprep Kit. Modifications from manufacturers protocol are described here: https://doi.org/10.5281/zenodo.22893376	0	NA	9.3	ng/無	Qubit 2.0 Fluorometer (Invitrogen)	Pycno	Detected
CMIC820-3	sample	Hakai-Pycno-2025_CMIC820	CMIC820	NA	NA	-127.3912655	51.65392208	North East Pacific Ocean [GAZ:00013765]	2023-08-27T00:00:00	2023-08-27	marine biome [ENVO:00000447]	marine benthic biome [ENVO:01000024]	sea water [ENVO:00002149]	1	https://dx.doi.org/10.17504/protocols.io.rm7vzjxrrlx1/v1	bottle	1000	mL	-80	Sucrose Lysis Buffer	NA	"Hakai Institute, Quadra Island ,BC Canada"	"Hakai Institute, Quadra Island ,BC Canada"	NA	Seawater samples were filtered through a 0.22 痠 PVDF Sterivex sterile filter capsule to capture eDNA and DNA-containing particulates using a peristaltic pump.	1	NA	0.1	L/min	NA	NA	0.2	NA	1000	PVDF	Sterivex SVGV010RS	NA	NA	NA	NA	NA	NA	NA	NA	NA	1000	mL	physical | chemical	column-based	https://doi.org/10.5281/zenodo.22893376	Zymo Research ZymoBIOMICS DNA Miniprep Kit	This protocol is used to extract genomic DNA from 0.22-um sterivex filters using Zymo Research ZymoBIOMICS DNA Miniprep Kit. Modifications from manufacturers protocol are described here: https://doi.org/10.5281/zenodo.22893376	0	NA	9.3	ng/無	Qubit 2.0 Fluorometer (Invitrogen)	Pycno	Detected
CMIC828-1	sample	Hakai-Pycno-2025_CMIC828	CMIC828	NA	NA	-128.1523024	51.87782047	North East Pacific Ocean [GAZ:00013765]	2023-09-02T00:00:00	2023-09-02	marine biome [ENVO:00000447]	marine benthic biome [ENVO:01000024]	sea water [ENVO:00002149]	1	https://dx.doi.org/10.17504/protocols.io.rm7vzjxrrlx1/v1	bottle	1000	mL	-80	Sucrose Lysis Buffer	NA	"Hakai Institute, Quadra Island ,BC Canada"	"Hakai Institute, Quadra Island ,BC Canada"	NA	Seawater samples were filtered through a 0.22 痠 PVDF Sterivex sterile filter capsule to capture eDNA and DNA-containing particulates using a peristaltic pump.	1	NA	0.1	L/min	NA	NA	0.2	NA	1000	PVDF	Sterivex SVGV010RS	NA	NA	NA	NA	NA	NA	NA	NA	NA	1000	mL	physical | chemical	column-based	https://doi.org/10.5281/zenodo.22893376	Zymo Research ZymoBIOMICS DNA Miniprep Kit	This protocol is used to extract genomic DNA from 0.22-um sterivex filters using Zymo Research ZymoBIOMICS DNA Miniprep Kit. Modifications from manufacturers protocol are described here: https://doi.org/10.5281/zenodo.22893376	0	NA	44.4	ng/無	Qubit 2.0 Fluorometer (Invitrogen)	Pycno	Detected
CMIC828-2	sample	Hakai-Pycno-2025_CMIC828	CMIC828	NA	NA	-128.1523024	51.87782047	North East Pacific Ocean [GAZ:00013765]	2023-09-02T00:00:00	2023-09-02	marine biome [ENVO:00000447]	marine benthic biome [ENVO:01000024]	sea water [ENVO:00002149]	1	https://dx.doi.org/10.17504/protocols.io.rm7vzjxrrlx1/v1	bottle	1000	mL	-80	Sucrose Lysis Buffer	NA	"Hakai Institute, Quadra Island ,BC Canada"	"Hakai Institute, Quadra Island ,BC Canada"	NA	Seawater samples were filtered through a 0.22 痠 PVDF Sterivex sterile filter capsule to capture eDNA and DNA-containing particulates using a peristaltic pump.	1	NA	0.1	L/min	NA	NA	0.2	NA	1000	PVDF	Sterivex SVGV010RS	NA	NA	NA	NA	NA	NA	NA	NA	NA	1000	mL	physical | chemical	column-based	https://doi.org/10.5281/zenodo.22893376	Zymo Research ZymoBIOMICS DNA Miniprep Kit	This protocol is used to extract genomic DNA from 0.22-um sterivex filters using Zymo Research ZymoBIOMICS DNA Miniprep Kit. Modifications from manufacturers protocol are described here: https://doi.org/10.5281/zenodo.22893376	0	NA	44.4	ng/無	Qubit 2.0 Fluorometer (Invitrogen)	Pycno	Detected
CMIC828-3	sample	Hakai-Pycno-2025_CMIC828	CMIC828	NA	NA	-128.1523024	51.87782047	North East Pacific Ocean [GAZ:00013765]	2023-09-02T00:00:00	2023-09-02	marine biome [ENVO:00000447]	marine benthic biome [ENVO:01000024]	sea water [ENVO:00002149]	1	https://dx.doi.org/10.17504/protocols.io.rm7vzjxrrlx1/v1	bottle	1000	mL	-80	Sucrose Lysis Buffer	NA	"Hakai Institute, Quadra Island ,BC Canada"	"Hakai Institute, Quadra Island ,BC Canada"	NA	Seawater samples were filtered through a 0.22 痠 PVDF Sterivex sterile filter capsule to capture eDNA and DNA-containing particulates using a peristaltic pump.	1	NA	0.1	L/min	NA	NA	0.2	NA	1000	PVDF	Sterivex SVGV010RS	NA	NA	NA	NA	NA	NA	NA	NA	NA	1000	mL	physical | chemical	column-based	https://doi.org/10.5281/zenodo.22893376	Zymo Research ZymoBIOMICS DNA Miniprep Kit	This protocol is used to extract genomic DNA from 0.22-um sterivex filters using Zymo Research ZymoBIOMICS DNA Miniprep Kit. Modifications from manufacturers protocol are described here: https://doi.org/10.5281/zenodo.22893376	0	NA	44.4	ng/無	Qubit 2.0 Fluorometer (Invitrogen)	Pycno	Detected
CMIC829-1	sample	Hakai-Pycno-2025_CMIC829	CMIC829	NA	NA	-128.0512092	51.81054507	North East Pacific Ocean [GAZ:00013765]	2023-09-02T00:00:00	2023-09-02	marine biome [ENVO:00000447]	marine benthic biome [ENVO:01000024]	sea water [ENVO:00002149]	1	https://dx.doi.org/10.17504/protocols.io.rm7vzjxrrlx1/v1	bottle	1000	mL	-80	Sucrose Lysis Buffer	NA	"Hakai Institute, Quadra Island ,BC Canada"	"Hakai Institute, Quadra Island ,BC Canada"	NA	Seawater samples were filtered through a 0.22 痠 PVDF Sterivex sterile filter capsule to capture eDNA and DNA-containing particulates using a peristaltic pump.	1	NA	0.1	L/min	NA	NA	0.2	NA	1000	PVDF	Sterivex SVGV010RS	NA	NA	NA	NA	NA	NA	NA	NA	NA	1000	mL	physical | chemical	column-based	https://doi.org/10.5281/zenodo.22893376	Zymo Research ZymoBIOMICS DNA Miniprep Kit	This protocol is used to extract genomic DNA from 0.22-um sterivex filters using Zymo Research ZymoBIOMICS DNA Miniprep Kit. Modifications from manufacturers protocol are described here: https://doi.org/10.5281/zenodo.22893376	0	NA	14.1	ng/無	Qubit 2.0 Fluorometer (Invitrogen)	Pycno	Detected
CMIC829-2	sample	Hakai-Pycno-2025_CMIC829	CMIC829	NA	NA	-128.0512092	51.81054507	North East Pacific Ocean [GAZ:00013765]	2023-09-02T00:00:00	2023-09-02	marine biome [ENVO:00000447]	marine benthic biome [ENVO:01000024]	sea water [ENVO:00002149]	1	https://dx.doi.org/10.17504/protocols.io.rm7vzjxrrlx1/v1	bottle	1000	mL	-80	Sucrose Lysis Buffer	NA	"Hakai Institute, Quadra Island ,BC Canada"	"Hakai Institute, Quadra Island ,BC Canada"	NA	Seawater samples were filtered through a 0.22 痠 PVDF Sterivex sterile filter capsule to capture eDNA and DNA-containing particulates using a peristaltic pump.	1	NA	0.1	L/min	NA	NA	0.2	NA	1000	PVDF	Sterivex SVGV010RS	NA	NA	NA	NA	NA	NA	NA	NA	NA	1000	mL	physical | chemical	column-based	https://doi.org/10.5281/zenodo.22893376	Zymo Research ZymoBIOMICS DNA Miniprep Kit	This protocol is used to extract genomic DNA from 0.22-um sterivex filters using Zymo Research ZymoBIOMICS DNA Miniprep Kit. Modifications from manufacturers protocol are described here: https://doi.org/10.5281/zenodo.22893376	0	NA	14.1	ng/無	Qubit 2.0 Fluorometer (Invitrogen)	Pycno	Detected
CMIC829-3	sample	Hakai-Pycno-2025_CMIC829	CMIC829	NA	NA	-128.0512092	51.81054507	North East Pacific Ocean [GAZ:00013765]	2023-09-02T00:00:00	2023-09-02	marine biome [ENVO:00000447]	marine benthic biome [ENVO:01000024]	sea water [ENVO:00002149]	1	https://dx.doi.org/10.17504/protocols.io.rm7vzjxrrlx1/v1	bottle	1000	mL	-80	Sucrose Lysis Buffer	NA	"Hakai Institute, Quadra Island ,BC Canada"	"Hakai Institute, Quadra Island ,BC Canada"	NA	Seawater samples were filtered through a 0.22 痠 PVDF Sterivex sterile filter capsule to capture eDNA and DNA-containing particulates using a peristaltic pump.	1	NA	0.1	L/min	NA	NA	0.2	NA	1000	PVDF	Sterivex SVGV010RS	NA	NA	NA	NA	NA	NA	NA	NA	NA	1000	mL	physical | chemical	column-based	https://doi.org/10.5281/zenodo.22893376	Zymo Research ZymoBIOMICS DNA Miniprep Kit	This protocol is used to extract genomic DNA from 0.22-um sterivex filters using Zymo Research ZymoBIOMICS DNA Miniprep Kit. Modifications from manufacturers protocol are described here: https://doi.org/10.5281/zenodo.22893376	0	NA	14.1	ng/無	Qubit 2.0 Fluorometer (Invitrogen)	Pycno	Detected
CMIC830-1	sample	Hakai-Pycno-2025_CMIC830	CMIC830	NA	NA	-127.9195333	51.41033333	North East Pacific Ocean [GAZ:00013765]	2023-09-03T00:00:00	2023-09-03	marine biome [ENVO:00000447]	marine benthic biome [ENVO:01000024]	sea water [ENVO:00002149]	1	https://dx.doi.org/10.17504/protocols.io.rm7vzjxrrlx1/v1	bottle	1000	mL	-80	Sucrose Lysis Buffer	NA	"Hakai Institute, Quadra Island ,BC Canada"	"Hakai Institute, Quadra Island ,BC Canada"	NA	Seawater samples were filtered through a 0.22 痠 PVDF Sterivex sterile filter capsule to capture eDNA and DNA-containing particulates using a peristaltic pump.	1	NA	0.1	L/min	NA	NA	0.2	NA	1000	PVDF	Sterivex SVGV010RS	NA	NA	NA	NA	NA	NA	NA	NA	NA	1000	mL	physical | chemical	column-based	https://doi.org/10.5281/zenodo.22893376	Zymo Research ZymoBIOMICS DNA Miniprep Kit	This protocol is used to extract genomic DNA from 0.22-um sterivex filters using Zymo Research ZymoBIOMICS DNA Miniprep Kit. Modifications from manufacturers protocol are described here: https://doi.org/10.5281/zenodo.22893376	0	NA	13.8	ng/無	Qubit 2.0 Fluorometer (Invitrogen)	Pycno	Detected
CMIC830-2	sample	Hakai-Pycno-2025_CMIC830	CMIC830	NA	NA	-127.9195333	51.41033333	North East Pacific Ocean [GAZ:00013765]	2023-09-03T00:00:00	2023-09-03	marine biome [ENVO:00000447]	marine benthic biome [ENVO:01000024]	sea water [ENVO:00002149]	1	https://dx.doi.org/10.17504/protocols.io.rm7vzjxrrlx1/v1	bottle	1000	mL	-80	Sucrose Lysis Buffer	NA	"Hakai Institute, Quadra Island ,BC Canada"	"Hakai Institute, Quadra Island ,BC Canada"	NA	Seawater samples were filtered through a 0.22 痠 PVDF Sterivex sterile filter capsule to capture eDNA and DNA-containing particulates using a peristaltic pump.	1	NA	0.1	L/min	NA	NA	0.2	NA	1000	PVDF	Sterivex SVGV010RS	NA	NA	NA	NA	NA	NA	NA	NA	NA	1000	mL	physical | chemical	column-based	https://doi.org/10.5281/zenodo.22893376	Zymo Research ZymoBIOMICS DNA Miniprep Kit	This protocol is used to extract genomic DNA from 0.22-um sterivex filters using Zymo Research ZymoBIOMICS DNA Miniprep Kit. Modifications from manufacturers protocol are described here: https://doi.org/10.5281/zenodo.22893376	0	NA	13.8	ng/無	Qubit 2.0 Fluorometer (Invitrogen)	Pycno	Detected
CMIC830-3	sample	Hakai-Pycno-2025_CMIC830	CMIC830	NA	NA	-127.9195333	51.41033333	North East Pacific Ocean [GAZ:00013765]	2023-09-03T00:00:00	2023-09-03	marine biome [ENVO:00000447]	marine benthic biome [ENVO:01000024]	sea water [ENVO:00002149]	1	https://dx.doi.org/10.17504/protocols.io.rm7vzjxrrlx1/v1	bottle	1000	mL	-80	Sucrose Lysis Buffer	NA	"Hakai Institute, Quadra Island ,BC Canada"	"Hakai Institute, Quadra Island ,BC Canada"	NA	Seawater samples were filtered through a 0.22 痠 PVDF Sterivex sterile filter capsule to capture eDNA and DNA-containing particulates using a peristaltic pump.	1	NA	0.1	L/min	NA	NA	0.2	NA	1000	PVDF	Sterivex SVGV010RS	NA	NA	NA	NA	NA	NA	NA	NA	NA	1000	mL	physical | chemical	column-based	https://doi.org/10.5281/zenodo.22893376	Zymo Research ZymoBIOMICS DNA Miniprep Kit	This protocol is used to extract genomic DNA from 0.22-um sterivex filters using Zymo Research ZymoBIOMICS DNA Miniprep Kit. Modifications from manufacturers protocol are described here: https://doi.org/10.5281/zenodo.22893376	0	NA	13.8	ng/無	Qubit 2.0 Fluorometer (Invitrogen)	Pycno	Detected
CMIC832-1	sample	Hakai-Pycno-2025_CMIC832	CMIC832	NA	NA	-127.88845	51.9258389	North East Pacific Ocean [GAZ:00013765]	2023-09-04T00:00:00	2023-09-04	marine biome [ENVO:00000447]	marine benthic biome [ENVO:01000024]	sea water [ENVO:00002149]	1	https://dx.doi.org/10.17504/protocols.io.rm7vzjxrrlx1/v1	bottle	1000	mL	-80	Sucrose Lysis Buffer	NA	"Hakai Institute, Quadra Island ,BC Canada"	"Hakai Institute, Quadra Island ,BC Canada"	NA	Seawater samples were filtered through a 0.22 痠 PVDF Sterivex sterile filter capsule to capture eDNA and DNA-containing particulates using a peristaltic pump.	1	NA	0.1	L/min	NA	NA	0.2	NA	1000	PVDF	Sterivex SVGV010RS	NA	NA	NA	NA	NA	NA	NA	NA	NA	1000	mL	physical | chemical	column-based	https://doi.org/10.5281/zenodo.22893376	Zymo Research ZymoBIOMICS DNA Miniprep Kit	This protocol is used to extract genomic DNA from 0.22-um sterivex filters using Zymo Research ZymoBIOMICS DNA Miniprep Kit. Modifications from manufacturers protocol are described here: https://doi.org/10.5281/zenodo.22893376	0	NA	21.7	ng/無	Qubit 2.0 Fluorometer (Invitrogen)	Pycno	Detected
CMIC832-2	sample	Hakai-Pycno-2025_CMIC832	CMIC832	NA	NA	-127.88845	51.9258389	North East Pacific Ocean [GAZ:00013765]	2023-09-04T00:00:00	2023-09-04	marine biome [ENVO:00000447]	marine benthic biome [ENVO:01000024]	sea water [ENVO:00002149]	1	https://dx.doi.org/10.17504/protocols.io.rm7vzjxrrlx1/v1	bottle	1000	mL	-80	Sucrose Lysis Buffer	NA	"Hakai Institute, Quadra Island ,BC Canada"	"Hakai Institute, Quadra Island ,BC Canada"	NA	Seawater samples were filtered through a 0.22 痠 PVDF Sterivex sterile filter capsule to capture eDNA and DNA-containing particulates using a peristaltic pump.	1	NA	0.1	L/min	NA	NA	0.2	NA	1000	PVDF	Sterivex SVGV010RS	NA	NA	NA	NA	NA	NA	NA	NA	NA	1000	mL	physical | chemical	column-based	https://doi.org/10.5281/zenodo.22893376	Zymo Research ZymoBIOMICS DNA Miniprep Kit	This protocol is used to extract genomic DNA from 0.22-um sterivex filters using Zymo Research ZymoBIOMICS DNA Miniprep Kit. Modifications from manufacturers protocol are described here: https://doi.org/10.5281/zenodo.22893376	0	NA	21.7	ng/無	Qubit 2.0 Fluorometer (Invitrogen)	Pycno	Detected
CMIC832-3	sample	Hakai-Pycno-2025_CMIC832	CMIC832	NA	NA	-127.88845	51.9258389	North East Pacific Ocean [GAZ:00013765]	2023-09-04T00:00:00	2023-09-04	marine biome [ENVO:00000447]	marine benthic biome [ENVO:01000024]	sea water [ENVO:00002149]	1	https://dx.doi.org/10.17504/protocols.io.rm7vzjxrrlx1/v1	bottle	1000	mL	-80	Sucrose Lysis Buffer	NA	"Hakai Institute, Quadra Island ,BC Canada"	"Hakai Institute, Quadra Island ,BC Canada"	NA	Seawater samples were filtered through a 0.22 痠 PVDF Sterivex sterile filter capsule to capture eDNA and DNA-containing particulates using a peristaltic pump.	1	NA	0.1	L/min	NA	NA	0.2	NA	1000	PVDF	Sterivex SVGV010RS	NA	NA	NA	NA	NA	NA	NA	NA	NA	1000	mL	physical | chemical	column-based	https://doi.org/10.5281/zenodo.22893376	Zymo Research ZymoBIOMICS DNA Miniprep Kit	This protocol is used to extract genomic DNA from 0.22-um sterivex filters using Zymo Research ZymoBIOMICS DNA Miniprep Kit. Modifications from manufacturers protocol are described here: https://doi.org/10.5281/zenodo.22893376	0	NA	21.7	ng/無	Qubit 2.0 Fluorometer (Invitrogen)	Pycno	Detected
CMIC833-1	sample	Hakai-Pycno-2025_CMIC833	CMIC833	NA	NA	-127.77545	51.9617544	North East Pacific Ocean [GAZ:00013765]	2023-09-04T00:00:00	2023-09-04	marine biome [ENVO:00000447]	marine benthic biome [ENVO:01000024]	sea water [ENVO:00002149]	1	https://dx.doi.org/10.17504/protocols.io.rm7vzjxrrlx1/v1	bottle	1000	mL	-80	Sucrose Lysis Buffer	NA	"Hakai Institute, Quadra Island ,BC Canada"	"Hakai Institute, Quadra Island ,BC Canada"	NA	Seawater samples were filtered through a 0.22 痠 PVDF Sterivex sterile filter capsule to capture eDNA and DNA-containing particulates using a peristaltic pump.	1	NA	0.1	L/min	NA	NA	0.2	NA	1000	PVDF	Sterivex SVGV010RS	NA	NA	NA	NA	NA	NA	NA	NA	NA	1000	mL	physical | chemical	column-based	https://doi.org/10.5281/zenodo.22893376	Zymo Research ZymoBIOMICS DNA Miniprep Kit	This protocol is used to extract genomic DNA from 0.22-um sterivex filters using Zymo Research ZymoBIOMICS DNA Miniprep Kit. Modifications from manufacturers protocol are described here: https://doi.org/10.5281/zenodo.22893376	0	NA	13.7	ng/無	Qubit 2.0 Fluorometer (Invitrogen)	Pycno	Detected
CMIC833-2	sample	Hakai-Pycno-2025_CMIC833	CMIC833	NA	NA	-127.77545	51.9617544	North East Pacific Ocean [GAZ:00013765]	2023-09-04T00:00:00	2023-09-04	marine biome [ENVO:00000447]	marine benthic biome [ENVO:01000024]	sea water [ENVO:00002149]	1	https://dx.doi.org/10.17504/protocols.io.rm7vzjxrrlx1/v1	bottle	1000	mL	-80	Sucrose Lysis Buffer	NA	"Hakai Institute, Quadra Island ,BC Canada"	"Hakai Institute, Quadra Island ,BC Canada"	NA	Seawater samples were filtered through a 0.22 痠 PVDF Sterivex sterile filter capsule to capture eDNA and DNA-containing particulates using a peristaltic pump.	1	NA	0.1	L/min	NA	NA	0.2	NA	1000	PVDF	Sterivex SVGV010RS	NA	NA	NA	NA	NA	NA	NA	NA	NA	1000	mL	physical | chemical	column-based	https://doi.org/10.5281/zenodo.22893376	Zymo Research ZymoBIOMICS DNA Miniprep Kit	This protocol is used to extract genomic DNA from 0.22-um sterivex filters using Zymo Research ZymoBIOMICS DNA Miniprep Kit. Modifications from manufacturers protocol are described here: https://doi.org/10.5281/zenodo.22893376	0	NA	13.7	ng/無	Qubit 2.0 Fluorometer (Invitrogen)	Pycno	Detected
CMIC833-3	sample	Hakai-Pycno-2025_CMIC833	CMIC833	NA	NA	-127.77545	51.9617544	North East Pacific Ocean [GAZ:00013765]	2023-09-04T00:00:00	2023-09-04	marine biome [ENVO:00000447]	marine benthic biome [ENVO:01000024]	sea water [ENVO:00002149]	1	https://dx.doi.org/10.17504/protocols.io.rm7vzjxrrlx1/v1	bottle	1000	mL	-80	Sucrose Lysis Buffer	NA	"Hakai Institute, Quadra Island ,BC Canada"	"Hakai Institute, Quadra Island ,BC Canada"	NA	Seawater samples were filtered through a 0.22 痠 PVDF Sterivex sterile filter capsule to capture eDNA and DNA-containing particulates using a peristaltic pump.	1	NA	0.1	L/min	NA	NA	0.2	NA	1000	PVDF	Sterivex SVGV010RS	NA	NA	NA	NA	NA	NA	NA	NA	NA	1000	mL	physical | chemical	column-based	https://doi.org/10.5281/zenodo.22893376	Zymo Research ZymoBIOMICS DNA Miniprep Kit	This protocol is used to extract genomic DNA from 0.22-um sterivex filters using Zymo Research ZymoBIOMICS DNA Miniprep Kit. Modifications from manufacturers protocol are described here: https://doi.org/10.5281/zenodo.22893376	0	NA	13.7	ng/無	Qubit 2.0 Fluorometer (Invitrogen)	Pycno	Detected
CMIC834-1	sample	Hakai-Pycno-2025_CMIC834	CMIC834	NA	NA	-127.74103	51.9517062	North East Pacific Ocean [GAZ:00013765]	2023-09-04T00:00:00	2023-09-04	marine biome [ENVO:00000447]	marine benthic biome [ENVO:01000024]	sea water [ENVO:00002149]	1	https://dx.doi.org/10.17504/protocols.io.rm7vzjxrrlx1/v1	bottle	1000	mL	-80	Sucrose Lysis Buffer	NA	"Hakai Institute, Quadra Island ,BC Canada"	"Hakai Institute, Quadra Island ,BC Canada"	NA	Seawater samples were filtered through a 0.22 痠 PVDF Sterivex sterile filter capsule to capture eDNA and DNA-containing particulates using a peristaltic pump.	1	NA	0.1	L/min	NA	NA	0.2	NA	1000	PVDF	Sterivex SVGV010RS	NA	NA	NA	NA	NA	NA	NA	NA	NA	1000	mL	physical | chemical	column-based	https://doi.org/10.5281/zenodo.22893376	Zymo Research ZymoBIOMICS DNA Miniprep Kit	This protocol is used to extract genomic DNA from 0.22-um sterivex filters using Zymo Research ZymoBIOMICS DNA Miniprep Kit. Modifications from manufacturers protocol are described here: https://doi.org/10.5281/zenodo.22893376	0	NA	8.8	ng/無	Qubit 2.0 Fluorometer (Invitrogen)	Pycno	Detected
CMIC834-2	sample	Hakai-Pycno-2025_CMIC834	CMIC834	NA	NA	-127.74103	51.9517062	North East Pacific Ocean [GAZ:00013765]	2023-09-04T00:00:00	2023-09-04	marine biome [ENVO:00000447]	marine benthic biome [ENVO:01000024]	sea water [ENVO:00002149]	1	https://dx.doi.org/10.17504/protocols.io.rm7vzjxrrlx1/v1	bottle	1000	mL	-80	Sucrose Lysis Buffer	NA	"Hakai Institute, Quadra Island ,BC Canada"	"Hakai Institute, Quadra Island ,BC Canada"	NA	Seawater samples were filtered through a 0.22 痠 PVDF Sterivex sterile filter capsule to capture eDNA and DNA-containing particulates using a peristaltic pump.	1	NA	0.1	L/min	NA	NA	0.2	NA	1000	PVDF	Sterivex SVGV010RS	NA	NA	NA	NA	NA	NA	NA	NA	NA	1000	mL	physical | chemical	column-based	https://doi.org/10.5281/zenodo.22893376	Zymo Research ZymoBIOMICS DNA Miniprep Kit	This protocol is used to extract genomic DNA from 0.22-um sterivex filters using Zymo Research ZymoBIOMICS DNA Miniprep Kit. Modifications from manufacturers protocol are described here: https://doi.org/10.5281/zenodo.22893376	0	NA	8.8	ng/無	Qubit 2.0 Fluorometer (Invitrogen)	Pycno	Detected
CMIC834-3	sample	Hakai-Pycno-2025_CMIC834	CMIC834	NA	NA	-127.74103	51.9517062	North East Pacific Ocean [GAZ:00013765]	2023-09-04T00:00:00	2023-09-04	marine biome [ENVO:00000447]	marine benthic biome [ENVO:01000024]	sea water [ENVO:00002149]	1	https://dx.doi.org/10.17504/protocols.io.rm7vzjxrrlx1/v1	bottle	1000	mL	-80	Sucrose Lysis Buffer	NA	"Hakai Institute, Quadra Island ,BC Canada"	"Hakai Institute, Quadra Island ,BC Canada"	NA	Seawater samples were filtered through a 0.22 痠 PVDF Sterivex sterile filter capsule to capture eDNA and DNA-containing particulates using a peristaltic pump.	1	NA	0.1	L/min	NA	NA	0.2	NA	1000	PVDF	Sterivex SVGV010RS	NA	NA	NA	NA	NA	NA	NA	NA	NA	1000	mL	physical | chemical	column-based	https://doi.org/10.5281/zenodo.22893376	Zymo Research ZymoBIOMICS DNA Miniprep Kit	This protocol is used to extract genomic DNA from 0.22-um sterivex filters using Zymo Research ZymoBIOMICS DNA Miniprep Kit. Modifications from manufacturers protocol are described here: https://doi.org/10.5281/zenodo.22893376	0	NA	8.8	ng/無	Qubit 2.0 Fluorometer (Invitrogen)	Pycno	Detected
CMIC835-1	sample	Hakai-Pycno-2025_CMIC835	CMIC835	NA	NA	-127.71152	51.9652611	North East Pacific Ocean [GAZ:00013765]	2023-09-04T00:00:00	2023-09-04	marine biome [ENVO:00000447]	marine benthic biome [ENVO:01000024]	sea water [ENVO:00002149]	1	https://dx.doi.org/10.17504/protocols.io.rm7vzjxrrlx1/v1	bottle	1000	mL	-80	Sucrose Lysis Buffer	NA	"Hakai Institute, Quadra Island ,BC Canada"	"Hakai Institute, Quadra Island ,BC Canada"	NA	Seawater samples were filtered through a 0.22 痠 PVDF Sterivex sterile filter capsule to capture eDNA and DNA-containing particulates using a peristaltic pump.	1	NA	0.1	L/min	NA	NA	0.2	NA	1000	PVDF	Sterivex SVGV010RS	NA	NA	NA	NA	NA	NA	NA	NA	NA	1000	mL	physical | chemical	column-based	https://doi.org/10.5281/zenodo.22893376	Zymo Research ZymoBIOMICS DNA Miniprep Kit	This protocol is used to extract genomic DNA from 0.22-um sterivex filters using Zymo Research ZymoBIOMICS DNA Miniprep Kit. Modifications from manufacturers protocol are described here: https://doi.org/10.5281/zenodo.22893376	0	NA	10.4	ng/無	Qubit 2.0 Fluorometer (Invitrogen)	Pycno	Detected
CMIC835-2	sample	Hakai-Pycno-2025_CMIC835	CMIC835	NA	NA	-127.71152	51.9652611	North East Pacific Ocean [GAZ:00013765]	2023-09-04T00:00:00	2023-09-04	marine biome [ENVO:00000447]	marine benthic biome [ENVO:01000024]	sea water [ENVO:00002149]	1	https://dx.doi.org/10.17504/protocols.io.rm7vzjxrrlx1/v1	bottle	1000	mL	-80	Sucrose Lysis Buffer	NA	"Hakai Institute, Quadra Island ,BC Canada"	"Hakai Institute, Quadra Island ,BC Canada"	NA	Seawater samples were filtered through a 0.22 痠 PVDF Sterivex sterile filter capsule to capture eDNA and DNA-containing particulates using a peristaltic pump.	1	NA	0.1	L/min	NA	NA	0.2	NA	1000	PVDF	Sterivex SVGV010RS	NA	NA	NA	NA	NA	NA	NA	NA	NA	1000	mL	physical | chemical	column-based	https://doi.org/10.5281/zenodo.22893376	Zymo Research ZymoBIOMICS DNA Miniprep Kit	This protocol is used to extract genomic DNA from 0.22-um sterivex filters using Zymo Research ZymoBIOMICS DNA Miniprep Kit. Modifications from manufacturers protocol are described here: https://doi.org/10.5281/zenodo.22893376	0	NA	10.4	ng/無	Qubit 2.0 Fluorometer (Invitrogen)	Pycno	Detected
CMIC835-3	sample	Hakai-Pycno-2025_CMIC835	CMIC835	NA	NA	-127.71152	51.9652611	North East Pacific Ocean [GAZ:00013765]	2023-09-04T00:00:00	2023-09-04	marine biome [ENVO:00000447]	marine benthic biome [ENVO:01000024]	sea water [ENVO:00002149]	1	https://dx.doi.org/10.17504/protocols.io.rm7vzjxrrlx1/v1	bottle	1000	mL	-80	Sucrose Lysis Buffer	NA	"Hakai Institute, Quadra Island ,BC Canada"	"Hakai Institute, Quadra Island ,BC Canada"	NA	Seawater samples were filtered through a 0.22 痠 PVDF Sterivex sterile filter capsule to capture eDNA and DNA-containing particulates using a peristaltic pump.	1	NA	0.1	L/min	NA	NA	0.2	NA	1000	PVDF	Sterivex SVGV010RS	NA	NA	NA	NA	NA	NA	NA	NA	NA	1000	mL	physical | chemical	column-based	https://doi.org/10.5281/zenodo.22893376	Zymo Research ZymoBIOMICS DNA Miniprep Kit	This protocol is used to extract genomic DNA from 0.22-um sterivex filters using Zymo Research ZymoBIOMICS DNA Miniprep Kit. Modifications from manufacturers protocol are described here: https://doi.org/10.5281/zenodo.22893376	0	NA	10.4	ng/無	Qubit 2.0 Fluorometer (Invitrogen)	Pycno	Detected
QMIC4330-1	sample	Hakai-Pycno-2025_QMIC4330	QMIC4330	NA	NA	-125.2201	50.11535	North East Pacific Ocean [GAZ:00013765]	2021-12-07T00:00:00	2021-12-07	marine biome [ENVO:00000447]	marine benthic biome [ENVO:01000024]	sea water [ENVO:00002149]	1	https://dx.doi.org/10.17504/protocols.io.rm7vzjxrrlx1/v1	bottle	1000	mL	-80	Sucrose Lysis Buffer	NA	"Hakai Institute, Quadra Island ,BC Canada"	"Hakai Institute, Quadra Island ,BC Canada"	NA	Seawater samples were filtered through a 0.22 痠 PVDF Sterivex sterile filter capsule to capture eDNA and DNA-containing particulates using a peristaltic pump.	1	NA	0.1	L/min	NA	NA	0.2	NA	1000	PVDF	Sterivex SVGV010RS	NA	NA	NA	NA	NA	NA	NA	NA	NA	1000	mL	physical | chemical	column-based	https://doi.org/10.5281/zenodo.22893376	Zymo Research ZymoBIOMICS DNA Miniprep Kit	This protocol is used to extract genomic DNA from 0.22-um sterivex filters using Zymo Research ZymoBIOMICS DNA Miniprep Kit. Modifications from manufacturers protocol are described here: https://doi.org/10.5281/zenodo.22893376	0	NA	46.1	ng/無	Qubit 2.0 Fluorometer (Invitrogen)	Pycno	Not Detected
QMIC4330-2	sample	Hakai-Pycno-2025_QMIC4330	QMIC4330	NA	NA	-125.2201	50.11535	North East Pacific Ocean [GAZ:00013765]	2021-12-07T00:00:00	2021-12-07	marine biome [ENVO:00000447]	marine benthic biome [ENVO:01000024]	sea water [ENVO:00002149]	1	https://dx.doi.org/10.17504/protocols.io.rm7vzjxrrlx1/v1	bottle	1000	mL	-80	Sucrose Lysis Buffer	NA	"Hakai Institute, Quadra Island ,BC Canada"	"Hakai Institute, Quadra Island ,BC Canada"	NA	Seawater samples were filtered through a 0.22 痠 PVDF Sterivex sterile filter capsule to capture eDNA and DNA-containing particulates using a peristaltic pump.	1	NA	0.1	L/min	NA	NA	0.2	NA	1000	PVDF	Sterivex SVGV010RS	NA	NA	NA	NA	NA	NA	NA	NA	NA	1000	mL	physical | chemical	column-based	https://doi.org/10.5281/zenodo.22893376	Zymo Research ZymoBIOMICS DNA Miniprep Kit	This protocol is used to extract genomic DNA from 0.22-um sterivex filters using Zymo Research ZymoBIOMICS DNA Miniprep Kit. Modifications from manufacturers protocol are described here: https://doi.org/10.5281/zenodo.22893376	0	NA	46.1	ng/無	Qubit 2.0 Fluorometer (Invitrogen)	Pycno	Not Detected
QMIC4330-3	sample	Hakai-Pycno-2025_QMIC4330	QMIC4330	NA	NA	-125.2201	50.11535	North East Pacific Ocean [GAZ:00013765]	2021-12-07T00:00:00	2021-12-07	marine biome [ENVO:00000447]	marine benthic biome [ENVO:01000024]	sea water [ENVO:00002149]	1	https://dx.doi.org/10.17504/protocols.io.rm7vzjxrrlx1/v1	bottle	1000	mL	-80	Sucrose Lysis Buffer	NA	"Hakai Institute, Quadra Island ,BC Canada"	"Hakai Institute, Quadra Island ,BC Canada"	NA	Seawater samples were filtered through a 0.22 痠 PVDF Sterivex sterile filter capsule to capture eDNA and DNA-containing particulates using a peristaltic pump.	1	NA	0.1	L/min	NA	NA	0.2	NA	1000	PVDF	Sterivex SVGV010RS	NA	NA	NA	NA	NA	NA	NA	NA	NA	1000	mL	physical | chemical	column-based	https://doi.org/10.5281/zenodo.22893376	Zymo Research ZymoBIOMICS DNA Miniprep Kit	This protocol is used to extract genomic DNA from 0.22-um sterivex filters using Zymo Research ZymoBIOMICS DNA Miniprep Kit. Modifications from manufacturers protocol are described here: https://doi.org/10.5281/zenodo.22893376	0	NA	46.1	ng/無	Qubit 2.0 Fluorometer (Invitrogen)	Pycno	Not Detected
QMIC4331-1	sample	Hakai-Pycno-2025_QMIC4331	QMIC4331	NA	NA	-125.183467	50.149583	North East Pacific Ocean [GAZ:00013765]	2021-12-04T00:00:00	2021-12-04	marine biome [ENVO:00000447]	marine benthic biome [ENVO:01000024]	sea water [ENVO:00002149]	1	https://dx.doi.org/10.17504/protocols.io.rm7vzjxrrlx1/v1	bottle	1000	mL	-80	Sucrose Lysis Buffer	NA	"Hakai Institute, Quadra Island ,BC Canada"	"Hakai Institute, Quadra Island ,BC Canada"	NA	Seawater samples were filtered through a 0.22 痠 PVDF Sterivex sterile filter capsule to capture eDNA and DNA-containing particulates using a peristaltic pump.	1	NA	0.1	L/min	NA	NA	0.2	NA	1000	PVDF	Sterivex SVGV010RS	NA	NA	NA	NA	NA	NA	NA	NA	NA	1000	mL	physical | chemical	column-based	https://doi.org/10.5281/zenodo.22893376	Zymo Research ZymoBIOMICS DNA Miniprep Kit	This protocol is used to extract genomic DNA from 0.22-um sterivex filters using Zymo Research ZymoBIOMICS DNA Miniprep Kit. Modifications from manufacturers protocol are described here: https://doi.org/10.5281/zenodo.22893376	0	NA	26.1	ng/無	Qubit 2.0 Fluorometer (Invitrogen)	Pycno	Not Detected
QMIC4331-2	sample	Hakai-Pycno-2025_QMIC4331	QMIC4331	NA	NA	-125.183467	50.149583	North East Pacific Ocean [GAZ:00013765]	2021-12-04T00:00:00	2021-12-04	marine biome [ENVO:00000447]	marine benthic biome [ENVO:01000024]	sea water [ENVO:00002149]	1	https://dx.doi.org/10.17504/protocols.io.rm7vzjxrrlx1/v1	bottle	1000	mL	-80	Sucrose Lysis Buffer	NA	"Hakai Institute, Quadra Island ,BC Canada"	"Hakai Institute, Quadra Island ,BC Canada"	NA	Seawater samples were filtered through a 0.22 痠 PVDF Sterivex sterile filter capsule to capture eDNA and DNA-containing particulates using a peristaltic pump.	1	NA	0.1	L/min	NA	NA	0.2	NA	1000	PVDF	Sterivex SVGV010RS	NA	NA	NA	NA	NA	NA	NA	NA	NA	1000	mL	physical | chemical	column-based	https://doi.org/10.5281/zenodo.22893376	Zymo Research ZymoBIOMICS DNA Miniprep Kit	This protocol is used to extract genomic DNA from 0.22-um sterivex filters using Zymo Research ZymoBIOMICS DNA Miniprep Kit. Modifications from manufacturers protocol are described here: https://doi.org/10.5281/zenodo.22893376	0	NA	26.1	ng/無	Qubit 2.0 Fluorometer (Invitrogen)	Pycno	Not Detected
QMIC4331-3	sample	Hakai-Pycno-2025_QMIC4331	QMIC4331	NA	NA	-125.183467	50.149583	North East Pacific Ocean [GAZ:00013765]	2021-12-04T00:00:00	2021-12-04	marine biome [ENVO:00000447]	marine benthic biome [ENVO:01000024]	sea water [ENVO:00002149]	1	https://dx.doi.org/10.17504/protocols.io.rm7vzjxrrlx1/v1	bottle	1000	mL	-80	Sucrose Lysis Buffer	NA	"Hakai Institute, Quadra Island ,BC Canada"	"Hakai Institute, Quadra Island ,BC Canada"	NA	Seawater samples were filtered through a 0.22 痠 PVDF Sterivex sterile filter capsule to capture eDNA and DNA-containing particulates using a peristaltic pump.	1	NA	0.1	L/min	NA	NA	0.2	NA	1000	PVDF	Sterivex SVGV010RS	NA	NA	NA	NA	NA	NA	NA	NA	NA	1000	mL	physical | chemical	column-based	https://doi.org/10.5281/zenodo.22893376	Zymo Research ZymoBIOMICS DNA Miniprep Kit	This protocol is used to extract genomic DNA from 0.22-um sterivex filters using Zymo Research ZymoBIOMICS DNA Miniprep Kit. Modifications from manufacturers protocol are described here: https://doi.org/10.5281/zenodo.22893376	0	NA	26.1	ng/無	Qubit 2.0 Fluorometer (Invitrogen)	Pycno	Not Detected
QMIC4332-1	sample	Hakai-Pycno-2025_QMIC4332	QMIC4332	NA	NA	N/A	N/A	North East Pacific Ocean [GAZ:00013765]	2021-12-03T00:00:00	2021-12-03	marine biome [ENVO:00000447]	marine benthic biome [ENVO:01000024]	sea water [ENVO:00002149]	1	https://dx.doi.org/10.17504/protocols.io.rm7vzjxrrlx1/v1	bottle	1000	mL	-80	Sucrose Lysis Buffer	NA	"Hakai Institute, Quadra Island ,BC Canada"	"Hakai Institute, Quadra Island ,BC Canada"	NA	Seawater samples were filtered through a 0.22 痠 PVDF Sterivex sterile filter capsule to capture eDNA and DNA-containing particulates using a peristaltic pump.	1	NA	0.1	L/min	NA	NA	0.2	NA	1000	PVDF	Sterivex SVGV010RS	NA	NA	NA	NA	NA	NA	NA	NA	NA	1000	mL	physical | chemical	column-based	https://doi.org/10.5281/zenodo.22893376	Zymo Research ZymoBIOMICS DNA Miniprep Kit	This protocol is used to extract genomic DNA from 0.22-um sterivex filters using Zymo Research ZymoBIOMICS DNA Miniprep Kit. Modifications from manufacturers protocol are described here: https://doi.org/10.5281/zenodo.22893376	0	NA	3.41	ng/無	Qubit 2.0 Fluorometer (Invitrogen)	Pycno	Not Detected
QMIC4332-2	sample	Hakai-Pycno-2025_QMIC4332	QMIC4332	NA	NA	N/A	N/A	North East Pacific Ocean [GAZ:00013765]	2021-12-03T00:00:00	2021-12-03	marine biome [ENVO:00000447]	marine benthic biome [ENVO:01000024]	sea water [ENVO:00002149]	1	https://dx.doi.org/10.17504/protocols.io.rm7vzjxrrlx1/v1	bottle	1000	mL	-80	Sucrose Lysis Buffer	NA	"Hakai Institute, Quadra Island ,BC Canada"	"Hakai Institute, Quadra Island ,BC Canada"	NA	Seawater samples were filtered through a 0.22 痠 PVDF Sterivex sterile filter capsule to capture eDNA and DNA-containing particulates using a peristaltic pump.	1	NA	0.1	L/min	NA	NA	0.2	NA	1000	PVDF	Sterivex SVGV010RS	NA	NA	NA	NA	NA	NA	NA	NA	NA	1000	mL	physical | chemical	column-based	https://doi.org/10.5281/zenodo.22893376	Zymo Research ZymoBIOMICS DNA Miniprep Kit	This protocol is used to extract genomic DNA from 0.22-um sterivex filters using Zymo Research ZymoBIOMICS DNA Miniprep Kit. Modifications from manufacturers protocol are described here: https://doi.org/10.5281/zenodo.22893376	0	NA	3.41	ng/無	Qubit 2.0 Fluorometer (Invitrogen)	Pycno	Detected
QMIC4332-3	sample	Hakai-Pycno-2025_QMIC4332	QMIC4332	NA	NA	N/A	N/A	North East Pacific Ocean [GAZ:00013765]	2021-12-03T00:00:00	2021-12-03	marine biome [ENVO:00000447]	marine benthic biome [ENVO:01000024]	sea water [ENVO:00002149]	1	https://dx.doi.org/10.17504/protocols.io.rm7vzjxrrlx1/v1	bottle	1000	mL	-80	Sucrose Lysis Buffer	NA	"Hakai Institute, Quadra Island ,BC Canada"	"Hakai Institute, Quadra Island ,BC Canada"	NA	Seawater samples were filtered through a 0.22 痠 PVDF Sterivex sterile filter capsule to capture eDNA and DNA-containing particulates using a peristaltic pump.	1	NA	0.1	L/min	NA	NA	0.2	NA	1000	PVDF	Sterivex SVGV010RS	NA	NA	NA	NA	NA	NA	NA	NA	NA	1000	mL	physical | chemical	column-based	https://doi.org/10.5281/zenodo.22893376	Zymo Research ZymoBIOMICS DNA Miniprep Kit	This protocol is used to extract genomic DNA from 0.22-um sterivex filters using Zymo Research ZymoBIOMICS DNA Miniprep Kit. Modifications from manufacturers protocol are described here: https://doi.org/10.5281/zenodo.22893376	0	NA	3.41	ng/無	Qubit 2.0 Fluorometer (Invitrogen)	Pycno	Not Detected
QMIC4333-1	sample	Hakai-Pycno-2025_QMIC4333	QMIC4333	NA	NA	-125.2201	50.11535	North East Pacific Ocean [GAZ:00013765]	2022-05-18T00:00:00	2022-05-18	marine biome [ENVO:00000447]	marine benthic biome [ENVO:01000024]	sea water [ENVO:00002149]	1	https://dx.doi.org/10.17504/protocols.io.rm7vzjxrrlx1/v1	bottle	1000	mL	-80	Sucrose Lysis Buffer	NA	"Hakai Institute, Quadra Island ,BC Canada"	"Hakai Institute, Quadra Island ,BC Canada"	NA	Seawater samples were filtered through a 0.22 痠 PVDF Sterivex sterile filter capsule to capture eDNA and DNA-containing particulates using a peristaltic pump.	1	NA	0.1	L/min	NA	NA	0.2	NA	1000	PVDF	Sterivex SVGV010RS	NA	NA	NA	NA	NA	NA	NA	NA	NA	1000	mL	physical | chemical	column-based	https://doi.org/10.5281/zenodo.22893376	Zymo Research ZymoBIOMICS DNA Miniprep Kit	This protocol is used to extract genomic DNA from 0.22-um sterivex filters using Zymo Research ZymoBIOMICS DNA Miniprep Kit. Modifications from manufacturers protocol are described here: https://doi.org/10.5281/zenodo.22893376	0	NA	>60	ng/無	Qubit 2.0 Fluorometer (Invitrogen)	Pycno	Detected
QMIC4333-2	sample	Hakai-Pycno-2025_QMIC4333	QMIC4333	NA	NA	-125.2201	50.11535	North East Pacific Ocean [GAZ:00013765]	2022-05-18T00:00:00	2022-05-18	marine biome [ENVO:00000447]	marine benthic biome [ENVO:01000024]	sea water [ENVO:00002149]	1	https://dx.doi.org/10.17504/protocols.io.rm7vzjxrrlx1/v1	bottle	1000	mL	-80	Sucrose Lysis Buffer	NA	"Hakai Institute, Quadra Island ,BC Canada"	"Hakai Institute, Quadra Island ,BC Canada"	NA	Seawater samples were filtered through a 0.22 痠 PVDF Sterivex sterile filter capsule to capture eDNA and DNA-containing particulates using a peristaltic pump.	1	NA	0.1	L/min	NA	NA	0.2	NA	1000	PVDF	Sterivex SVGV010RS	NA	NA	NA	NA	NA	NA	NA	NA	NA	1000	mL	physical | chemical	column-based	https://doi.org/10.5281/zenodo.22893376	Zymo Research ZymoBIOMICS DNA Miniprep Kit	This protocol is used to extract genomic DNA from 0.22-um sterivex filters using Zymo Research ZymoBIOMICS DNA Miniprep Kit. Modifications from manufacturers protocol are described here: https://doi.org/10.5281/zenodo.22893376	0	NA	>60	ng/無	Qubit 2.0 Fluorometer (Invitrogen)	Pycno	Detected
QMIC4333-3	sample	Hakai-Pycno-2025_QMIC4333	QMIC4333	NA	NA	-125.2201	50.11535	North East Pacific Ocean [GAZ:00013765]	2022-05-18T00:00:00	2022-05-18	marine biome [ENVO:00000447]	marine benthic biome [ENVO:01000024]	sea water [ENVO:00002149]	1	https://dx.doi.org/10.17504/protocols.io.rm7vzjxrrlx1/v1	bottle	1000	mL	-80	Sucrose Lysis Buffer	NA	"Hakai Institute, Quadra Island ,BC Canada"	"Hakai Institute, Quadra Island ,BC Canada"	NA	Seawater samples were filtered through a 0.22 痠 PVDF Sterivex sterile filter capsule to capture eDNA and DNA-containing particulates using a peristaltic pump.	1	NA	0.1	L/min	NA	NA	0.2	NA	1000	PVDF	Sterivex SVGV010RS	NA	NA	NA	NA	NA	NA	NA	NA	NA	1000	mL	physical | chemical	column-based	https://doi.org/10.5281/zenodo.22893376	Zymo Research ZymoBIOMICS DNA Miniprep Kit	This protocol is used to extract genomic DNA from 0.22-um sterivex filters using Zymo Research ZymoBIOMICS DNA Miniprep Kit. Modifications from manufacturers protocol are described here: https://doi.org/10.5281/zenodo.22893376	0	NA	>60	ng/無	Qubit 2.0 Fluorometer (Invitrogen)	Pycno	Detected
QMIC4334-1	sample	Hakai-Pycno-2025_QMIC4334	QMIC4334	NA	NA	-125.183467	50.149583	North East Pacific Ocean [GAZ:00013765]	2022-05-19T00:00:00	2022-05-19	marine biome [ENVO:00000447]	marine benthic biome [ENVO:01000024]	sea water [ENVO:00002149]	1	https://dx.doi.org/10.17504/protocols.io.rm7vzjxrrlx1/v1	bottle	1000	mL	-80	Sucrose Lysis Buffer	NA	"Hakai Institute, Quadra Island ,BC Canada"	"Hakai Institute, Quadra Island ,BC Canada"	NA	Seawater samples were filtered through a 0.22 痠 PVDF Sterivex sterile filter capsule to capture eDNA and DNA-containing particulates using a peristaltic pump.	1	NA	0.1	L/min	NA	NA	0.2	NA	1000	PVDF	Sterivex SVGV010RS	NA	NA	NA	NA	NA	NA	NA	NA	NA	1000	mL	physical | chemical	column-based	https://doi.org/10.5281/zenodo.22893376	Zymo Research ZymoBIOMICS DNA Miniprep Kit	This protocol is used to extract genomic DNA from 0.22-um sterivex filters using Zymo Research ZymoBIOMICS DNA Miniprep Kit. Modifications from manufacturers protocol are described here: https://doi.org/10.5281/zenodo.22893376	0	NA	>60	ng/無	Qubit 2.0 Fluorometer (Invitrogen)	Pycno	Not Detected
QMIC4334-2	sample	Hakai-Pycno-2025_QMIC4334	QMIC4334	NA	NA	-125.183467	50.149583	North East Pacific Ocean [GAZ:00013765]	2022-05-19T00:00:00	2022-05-19	marine biome [ENVO:00000447]	marine benthic biome [ENVO:01000024]	sea water [ENVO:00002149]	1	https://dx.doi.org/10.17504/protocols.io.rm7vzjxrrlx1/v1	bottle	1000	mL	-80	Sucrose Lysis Buffer	NA	"Hakai Institute, Quadra Island ,BC Canada"	"Hakai Institute, Quadra Island ,BC Canada"	NA	Seawater samples were filtered through a 0.22 痠 PVDF Sterivex sterile filter capsule to capture eDNA and DNA-containing particulates using a peristaltic pump.	1	NA	0.1	L/min	NA	NA	0.2	NA	1000	PVDF	Sterivex SVGV010RS	NA	NA	NA	NA	NA	NA	NA	NA	NA	1000	mL	physical | chemical	column-based	https://doi.org/10.5281/zenodo.22893376	Zymo Research ZymoBIOMICS DNA Miniprep Kit	This protocol is used to extract genomic DNA from 0.22-um sterivex filters using Zymo Research ZymoBIOMICS DNA Miniprep Kit. Modifications from manufacturers protocol are described here: https://doi.org/10.5281/zenodo.22893376	0	NA	>60	ng/無	Qubit 2.0 Fluorometer (Invitrogen)	Pycno	Not Detected
QMIC4334-3	sample	Hakai-Pycno-2025_QMIC4334	QMIC4334	NA	NA	-125.183467	50.149583	North East Pacific Ocean [GAZ:00013765]	2022-05-19T00:00:00	2022-05-19	marine biome [ENVO:00000447]	marine benthic biome [ENVO:01000024]	sea water [ENVO:00002149]	1	https://dx.doi.org/10.17504/protocols.io.rm7vzjxrrlx1/v1	bottle	1000	mL	-80	Sucrose Lysis Buffer	NA	"Hakai Institute, Quadra Island ,BC Canada"	"Hakai Institute, Quadra Island ,BC Canada"	NA	Seawater samples were filtered through a 0.22 痠 PVDF Sterivex sterile filter capsule to capture eDNA and DNA-containing particulates using a peristaltic pump.	1	NA	0.1	L/min	NA	NA	0.2	NA	1000	PVDF	Sterivex SVGV010RS	NA	NA	NA	NA	NA	NA	NA	NA	NA	1000	mL	physical | chemical	column-based	https://doi.org/10.5281/zenodo.22893376	Zymo Research ZymoBIOMICS DNA Miniprep Kit	This protocol is used to extract genomic DNA from 0.22-um sterivex filters using Zymo Research ZymoBIOMICS DNA Miniprep Kit. Modifications from manufacturers protocol are described here: https://doi.org/10.5281/zenodo.22893376	0	NA	>60	ng/無	Qubit 2.0 Fluorometer (Invitrogen)	Pycno	Not Detected
QMIC4335-1	sample	Hakai-Pycno-2025_QMIC4335	QMIC4335	NA	NA	N/A	N/A	North East Pacific Ocean [GAZ:00013765]	2022-05-17T00:00:00	2022-05-17	marine biome [ENVO:00000447]	marine benthic biome [ENVO:01000024]	sea water [ENVO:00002149]	1	https://dx.doi.org/10.17504/protocols.io.rm7vzjxrrlx1/v1	bottle	1000	mL	-80	Sucrose Lysis Buffer	NA	"Hakai Institute, Quadra Island ,BC Canada"	"Hakai Institute, Quadra Island ,BC Canada"	NA	Seawater samples were filtered through a 0.22 痠 PVDF Sterivex sterile filter capsule to capture eDNA and DNA-containing particulates using a peristaltic pump.	1	NA	0.1	L/min	NA	NA	0.2	NA	1000	PVDF	Sterivex SVGV010RS	NA	NA	NA	NA	NA	NA	NA	NA	NA	1000	mL	physical | chemical	column-based	https://doi.org/10.5281/zenodo.22893376	Zymo Research ZymoBIOMICS DNA Miniprep Kit	This protocol is used to extract genomic DNA from 0.22-um sterivex filters using Zymo Research ZymoBIOMICS DNA Miniprep Kit. Modifications from manufacturers protocol are described here: https://doi.org/10.5281/zenodo.22893376	0	NA	>60	ng/無	Qubit 2.0 Fluorometer (Invitrogen)	Pycno	Not Detected
QMIC4335-2	sample	Hakai-Pycno-2025_QMIC4335	QMIC4335	NA	NA	N/A	N/A	North East Pacific Ocean [GAZ:00013765]	2022-05-17T00:00:00	2022-05-17	marine biome [ENVO:00000447]	marine benthic biome [ENVO:01000024]	sea water [ENVO:00002149]	1	https://dx.doi.org/10.17504/protocols.io.rm7vzjxrrlx1/v1	bottle	1000	mL	-80	Sucrose Lysis Buffer	NA	"Hakai Institute, Quadra Island ,BC Canada"	"Hakai Institute, Quadra Island ,BC Canada"	NA	Seawater samples were filtered through a 0.22 痠 PVDF Sterivex sterile filter capsule to capture eDNA and DNA-containing particulates using a peristaltic pump.	1	NA	0.1	L/min	NA	NA	0.2	NA	1000	PVDF	Sterivex SVGV010RS	NA	NA	NA	NA	NA	NA	NA	NA	NA	1000	mL	physical | chemical	column-based	https://doi.org/10.5281/zenodo.22893376	Zymo Research ZymoBIOMICS DNA Miniprep Kit	This protocol is used to extract genomic DNA from 0.22-um sterivex filters using Zymo Research ZymoBIOMICS DNA Miniprep Kit. Modifications from manufacturers protocol are described here: https://doi.org/10.5281/zenodo.22893376	0	NA	>60	ng/無	Qubit 2.0 Fluorometer (Invitrogen)	Pycno	Not Detected
QMIC4335-3	sample	Hakai-Pycno-2025_QMIC4335	QMIC4335	NA	NA	N/A	N/A	North East Pacific Ocean [GAZ:00013765]	2022-05-17T00:00:00	2022-05-17	marine biome [ENVO:00000447]	marine benthic biome [ENVO:01000024]	sea water [ENVO:00002149]	1	https://dx.doi.org/10.17504/protocols.io.rm7vzjxrrlx1/v1	bottle	1000	mL	-80	Sucrose Lysis Buffer	NA	"Hakai Institute, Quadra Island ,BC Canada"	"Hakai Institute, Quadra Island ,BC Canada"	NA	Seawater samples were filtered through a 0.22 痠 PVDF Sterivex sterile filter capsule to capture eDNA and DNA-containing particulates using a peristaltic pump.	1	NA	0.1	L/min	NA	NA	0.2	NA	1000	PVDF	Sterivex SVGV010RS	NA	NA	NA	NA	NA	NA	NA	NA	NA	1000	mL	physical | chemical	column-based	https://doi.org/10.5281/zenodo.22893376	Zymo Research ZymoBIOMICS DNA Miniprep Kit	This protocol is used to extract genomic DNA from 0.22-um sterivex filters using Zymo Research ZymoBIOMICS DNA Miniprep Kit. Modifications from manufacturers protocol are described here: https://doi.org/10.5281/zenodo.22893376	0	NA	>60	ng/無	Qubit 2.0 Fluorometer (Invitrogen)	Pycno	Detected
QMIC4737-1	sample	Hakai-Pycno-2025_QMIC4737	QMIC4737	NA	NA	-125.183467	50.149583	North East Pacific Ocean [GAZ:00013765]	2022-06-14T00:00:00	2022-06-14	marine biome [ENVO:00000447]	marine benthic biome [ENVO:01000024]	sea water [ENVO:00002149]	1	https://dx.doi.org/10.17504/protocols.io.rm7vzjxrrlx1/v1	bottle	1000	mL	-80	Sucrose Lysis Buffer	NA	"Hakai Institute, Quadra Island ,BC Canada"	"Hakai Institute, Quadra Island ,BC Canada"	NA	Seawater samples were filtered through a 0.22 痠 PVDF Sterivex sterile filter capsule to capture eDNA and DNA-containing particulates using a peristaltic pump.	1	NA	0.1	L/min	NA	NA	0.2	NA	1000	PVDF	Sterivex SVGV010RS	NA	NA	NA	NA	NA	NA	NA	NA	NA	1000	mL	physical | chemical	column-based	https://doi.org/10.5281/zenodo.22893376	Zymo Research ZymoBIOMICS DNA Miniprep Kit	This protocol is used to extract genomic DNA from 0.22-um sterivex filters using Zymo Research ZymoBIOMICS DNA Miniprep Kit. Modifications from manufacturers protocol are described here: https://doi.org/10.5281/zenodo.22893376	0	NA	3.79	ng/無	Qubit 2.0 Fluorometer (Invitrogen)	Pycno	Detected
QMIC4737-2	sample	Hakai-Pycno-2025_QMIC4737	QMIC4737	NA	NA	-125.183467	50.149583	North East Pacific Ocean [GAZ:00013765]	2022-06-14T00:00:00	2022-06-14	marine biome [ENVO:00000447]	marine benthic biome [ENVO:01000024]	sea water [ENVO:00002149]	1	https://dx.doi.org/10.17504/protocols.io.rm7vzjxrrlx1/v1	bottle	1000	mL	-80	Sucrose Lysis Buffer	NA	"Hakai Institute, Quadra Island ,BC Canada"	"Hakai Institute, Quadra Island ,BC Canada"	NA	Seawater samples were filtered through a 0.22 痠 PVDF Sterivex sterile filter capsule to capture eDNA and DNA-containing particulates using a peristaltic pump.	1	NA	0.1	L/min	NA	NA	0.2	NA	1000	PVDF	Sterivex SVGV010RS	NA	NA	NA	NA	NA	NA	NA	NA	NA	1000	mL	physical | chemical	column-based	https://doi.org/10.5281/zenodo.22893376	Zymo Research ZymoBIOMICS DNA Miniprep Kit	This protocol is used to extract genomic DNA from 0.22-um sterivex filters using Zymo Research ZymoBIOMICS DNA Miniprep Kit. Modifications from manufacturers protocol are described here: https://doi.org/10.5281/zenodo.22893376	0	NA	3.79	ng/無	Qubit 2.0 Fluorometer (Invitrogen)	Pycno	Not Detected
QMIC4737-3	sample	Hakai-Pycno-2025_QMIC4737	QMIC4737	NA	NA	-125.183467	50.149583	North East Pacific Ocean [GAZ:00013765]	2022-06-14T00:00:00	2022-06-14	marine biome [ENVO:00000447]	marine benthic biome [ENVO:01000024]	sea water [ENVO:00002149]	1	https://dx.doi.org/10.17504/protocols.io.rm7vzjxrrlx1/v1	bottle	1000	mL	-80	Sucrose Lysis Buffer	NA	"Hakai Institute, Quadra Island ,BC Canada"	"Hakai Institute, Quadra Island ,BC Canada"	NA	Seawater samples were filtered through a 0.22 痠 PVDF Sterivex sterile filter capsule to capture eDNA and DNA-containing particulates using a peristaltic pump.	1	NA	0.1	L/min	NA	NA	0.2	NA	1000	PVDF	Sterivex SVGV010RS	NA	NA	NA	NA	NA	NA	NA	NA	NA	1000	mL	physical | chemical	column-based	https://doi.org/10.5281/zenodo.22893376	Zymo Research ZymoBIOMICS DNA Miniprep Kit	This protocol is used to extract genomic DNA from 0.22-um sterivex filters using Zymo Research ZymoBIOMICS DNA Miniprep Kit. Modifications from manufacturers protocol are described here: https://doi.org/10.5281/zenodo.22893376	0	NA	3.79	ng/無	Qubit 2.0 Fluorometer (Invitrogen)	Pycno	Detected
QMIC4738-1	sample	Hakai-Pycno-2025_QMIC4738	QMIC4738	NA	NA	N/A	N/A	North East Pacific Ocean [GAZ:00013765]	2022-06-13T00:00:00	2022-06-13	marine biome [ENVO:00000447]	marine benthic biome [ENVO:01000024]	sea water [ENVO:00002149]	1	https://dx.doi.org/10.17504/protocols.io.rm7vzjxrrlx1/v1	bottle	1000	mL	-80	Sucrose Lysis Buffer	NA	"Hakai Institute, Quadra Island ,BC Canada"	"Hakai Institute, Quadra Island ,BC Canada"	NA	Seawater samples were filtered through a 0.22 痠 PVDF Sterivex sterile filter capsule to capture eDNA and DNA-containing particulates using a peristaltic pump.	1	NA	0.1	L/min	NA	NA	0.2	NA	1000	PVDF	Sterivex SVGV010RS	NA	NA	NA	NA	NA	NA	NA	NA	NA	1000	mL	physical | chemical	column-based	https://doi.org/10.5281/zenodo.22893376	Zymo Research ZymoBIOMICS DNA Miniprep Kit	This protocol is used to extract genomic DNA from 0.22-um sterivex filters using Zymo Research ZymoBIOMICS DNA Miniprep Kit. Modifications from manufacturers protocol are described here: https://doi.org/10.5281/zenodo.22893376	0	NA	45.9	ng/無	Qubit 2.0 Fluorometer (Invitrogen)	Pycno	Not Detected
QMIC4738-2	sample	Hakai-Pycno-2025_QMIC4738	QMIC4738	NA	NA	N/A	N/A	North East Pacific Ocean [GAZ:00013765]	2022-06-13T00:00:00	2022-06-13	marine biome [ENVO:00000447]	marine benthic biome [ENVO:01000024]	sea water [ENVO:00002149]	1	https://dx.doi.org/10.17504/protocols.io.rm7vzjxrrlx1/v1	bottle	1000	mL	-80	Sucrose Lysis Buffer	NA	"Hakai Institute, Quadra Island ,BC Canada"	"Hakai Institute, Quadra Island ,BC Canada"	NA	Seawater samples were filtered through a 0.22 痠 PVDF Sterivex sterile filter capsule to capture eDNA and DNA-containing particulates using a peristaltic pump.	1	NA	0.1	L/min	NA	NA	0.2	NA	1000	PVDF	Sterivex SVGV010RS	NA	NA	NA	NA	NA	NA	NA	NA	NA	1000	mL	physical | chemical	column-based	https://doi.org/10.5281/zenodo.22893376	Zymo Research ZymoBIOMICS DNA Miniprep Kit	This protocol is used to extract genomic DNA from 0.22-um sterivex filters using Zymo Research ZymoBIOMICS DNA Miniprep Kit. Modifications from manufacturers protocol are described here: https://doi.org/10.5281/zenodo.22893376	0	NA	45.9	ng/無	Qubit 2.0 Fluorometer (Invitrogen)	Pycno	Detected
QMIC4738-3	sample	Hakai-Pycno-2025_QMIC4738	QMIC4738	NA	NA	N/A	N/A	North East Pacific Ocean [GAZ:00013765]	2022-06-13T00:00:00	2022-06-13	marine biome [ENVO:00000447]	marine benthic biome [ENVO:01000024]	sea water [ENVO:00002149]	1	https://dx.doi.org/10.17504/protocols.io.rm7vzjxrrlx1/v1	bottle	1000	mL	-80	Sucrose Lysis Buffer	NA	"Hakai Institute, Quadra Island ,BC Canada"	"Hakai Institute, Quadra Island ,BC Canada"	NA	Seawater samples were filtered through a 0.22 痠 PVDF Sterivex sterile filter capsule to capture eDNA and DNA-containing particulates using a peristaltic pump.	1	NA	0.1	L/min	NA	NA	0.2	NA	1000	PVDF	Sterivex SVGV010RS	NA	NA	NA	NA	NA	NA	NA	NA	NA	1000	mL	physical | chemical	column-based	https://doi.org/10.5281/zenodo.22893376	Zymo Research ZymoBIOMICS DNA Miniprep Kit	This protocol is used to extract genomic DNA from 0.22-um sterivex filters using Zymo Research ZymoBIOMICS DNA Miniprep Kit. Modifications from manufacturers protocol are described here: https://doi.org/10.5281/zenodo.22893376	0	NA	45.9	ng/無	Qubit 2.0 Fluorometer (Invitrogen)	Pycno	Not Detected